#{"t_start": 1646496712.6493132, "env_id": "LunarLander-v2"}
r,l,t
-243.488443,79,0.054912
-101.113212,73,0.095775
-127.958094,119,0.164097
-74.43152,93,0.212966
-311.354731,78,0.25247
-320.878065,86,0.297356
-113.458971,113,0.354716
-88.023785,81,0.403567
-304.835258,109,0.484339
-557.474084,146,0.569618
-135.030196,79,0.610116
-149.066205,97,0.664952
-287.955307,98,0.716819
-153.842649,97,0.767682
-187.858347,121,0.8345
-157.740489,130,0.906541
-148.04973,120,0.977419
-61.720933,87,1.03053
32.659841,141,1.112422
-72.302952,71,1.149323
-135.713363,82,2.139318
-327.777585,86,2.18936
-234.351218,99,2.24622
-153.607077,101,2.305485
-109.072243,144,2.381679
-125.547885,101,2.434538
-183.939954,74,2.476631
-71.461769,119,2.538538
-160.604092,120,2.600644
-129.585732,133,2.668625
-318.000012,115,2.725633
-254.59241,142,2.799616
-454.111969,91,2.844617
-396.074179,162,2.93064
-160.605533,63,2.960561
-152.088091,79,2.998589
-101.699625,82,3.037602
-391.0751,118,3.096587
-162.364008,148,3.170638
-122.410336,133,4.046371
-76.771901,65,4.087262
-431.3025,105,4.151093
-67.667099,80,4.193977
-64.007032,90,4.239855
-47.154492,68,4.274774
-159.828934,106,4.327652
-127.255388,92,4.371533
-244.920933,110,4.424648
-182.437041,124,4.48552
-156.915273,112,4.540663
-63.705799,124,4.59954
-159.043695,99,4.647416
-89.386144,96,4.693349
-57.508584,92,4.740449
-206.55054,93,4.784366
-112.133266,108,4.837389
-69.926788,112,4.89405
-107.81812,86,4.934941
-77.781499,83,4.975829
-58.234129,67,5.008712
-102.933625,61,5.831481
-56.986013,95,5.884391
-216.973162,71,5.925288
-19.663204,71,5.965214
-98.072401,69,6.003117
-62.392095,68,6.03715
-139.140264,109,6.094099
-153.364883,110,6.148983
-214.910448,121,6.208823
-117.467486,75,6.244727
-224.487494,106,6.296592
-191.872732,125,6.357492
-69.394775,66,6.388586
-375.922385,96,6.43453
-421.641724,112,6.489026
-107.062937,110,6.543896
-154.884113,91,6.588776
-183.52177,136,6.655598
-190.770493,124,6.715506
-64.259205,69,6.748589
-86.129803,86,6.789552
-160.30544,71,6.823529
-114.014928,88,7.688633
-287.503805,111,7.748629
-95.61869,89,7.799564
-134.526876,100,7.853749
-427.689366,106,7.906766
-88.200215,66,7.93859
-223.517005,101,7.989523
-109.352367,78,8.028591
-120.147708,104,8.078517
-458.541262,108,8.132536
-191.574587,112,8.187531
-177.159757,106,8.240525
-224.581774,97,8.2875
-73.208652,68,8.320512
-147.786358,98,8.369529
-136.453583,109,8.42352
-279.292786,158,8.504532
-75.473391,121,8.565045
-101.942657,76,8.60194
-91.327101,102,8.65181
-76.014851,80,9.513036
-104.645245,95,9.565402
-172.251864,88,9.612277
-259.323319,142,9.697556
-60.719695,63,9.729471
-175.837195,92,9.777494
-105.943045,98,9.826395
-130.862625,83,9.868627
-60.04443,122,9.930946
-203.364744,98,9.978844
-122.862232,112,10.035696
-94.963551,91,10.080577
-124.305913,73,10.11462
-89.076374,106,10.16568
-287.477327,115,10.222629
-63.693274,141,10.291625
-114.353572,103,10.34062
-77.91033,74,10.375526
-80.514487,66,10.407588
-23.04121,104,10.458565
-105.819047,83,10.497693
-88.970361,113,11.372251
-54.682342,77,11.418164
-85.208526,72,11.455029
-21.46604,133,11.528831
-71.891739,73,11.568751
-106.734418,101,11.621584
-14.790753,109,11.679495
-85.340333,110,11.735125
-109.933976,76,11.773027
-67.835064,69,11.806933
-49.243265,94,11.854805
-118.012313,123,11.916642
-81.546297,65,11.948557
-49.091274,93,11.995234
-108.800997,79,12.033122
-249.387965,127,12.096948
-84.497774,124,12.159779
-63.960789,80,12.198681
-135.791244,99,12.247544
-229.977682,96,12.295382
-57.638576,61,12.325387
-152.684864,180,13.238728
-121.439122,108,13.299612
-245.175863,151,13.383561
-43.915223,94,13.433524
-130.946397,120,13.495649
-279.844009,118,13.55652
-83.264634,84,13.59954
-84.913673,152,13.678917
-155.02615,121,13.741452
9.241618,82,13.782405
-7.763566,107,13.836457
-77.964301,105,13.888531
-232.398176,144,13.958556
-11.218028,176,14.05055
-61.813209,89,14.092522
-102.20215,90,14.137511
-69.815169,133,14.202538
-179.243997,165,14.286497
-89.642327,116,15.163308
-73.084637,78,15.211179
-94.794542,127,15.28101
-103.081909,140,15.358123
-0.310267,121,15.422981
-117.538067,107,15.479573
-102.387325,104,15.53253
-23.372404,82,15.573522
-92.260961,86,15.616598
-66.785075,114,15.675508
-106.150441,106,15.728575
-35.158651,94,15.77651
-76.822955,148,15.854413
-46.076089,97,15.905161
-156.734784,118,15.965994
-83.212103,89,16.011868
-151.452935,128,16.077695
-82.62108,121,16.140529
-61.414518,82,16.990042
-22.066028,109,17.051889
-52.323945,91,17.102766
-47.651813,112,17.164612
-39.89382,127,17.233591
-7.605075,169,17.329589
-83.198594,90,17.377624
-34.922563,120,17.439676
-117.562549,158,17.522721
-26.675308,113,17.580745
-43.033804,106,17.634654
-45.363015,139,17.707765
-44.741463,125,17.771775
13.204487,139,17.846782
-101.798101,126,17.916761
-19.143815,144,17.990674
-53.970062,132,18.057758
-162.848302,99,18.919578
-70.616998,238,19.069565
-41.431424,92,19.118157
-21.889573,197,19.227824
-38.463394,137,19.298623
-228.755593,147,19.373888
-6.71607,223,19.498807
-30.980824,139,19.572779
-111.565567,176,19.673809
-215.741085,167,19.768903
-91.972688,133,19.838973
-142.725744,119,19.900961
-92.210105,171,19.990009
-172.286858,183,20.878564
-11.364186,147,20.965532
-37.558245,165,21.057627
-31.033943,183,21.160654
15.244063,149,21.239933
-44.045354,156,21.323591
18.034406,137,21.395512
97.133974,1000,23.390538
-341.821092,393,23.6917
-5.098732,158,23.776949
-79.624024,246,23.928093
-84.387797,145,24.00498
-47.306093,216,24.1331
-231.59935,149,24.211924
-35.11543,199,24.321629
-322.239109,200,24.435507
-53.181294,177,24.531152
-232.410504,232,25.510715
2.099786,129,25.596491
-18.372061,195,25.713892
-296.414956,191,25.817648
-74.87714,169,25.9096
-230.961949,287,26.080515
-57.782987,210,26.203801
39.235245,163,26.289603
-97.08955,236,26.430916
-92.715672,135,26.501728
35.080317,112,26.559571
-6.649788,198,27.455147
-17.109663,143,27.548001
24.454321,178,27.659171
-63.027485,161,27.751188
-36.450529,153,27.835181
-248.855356,200,27.948174
25.596555,196,28.059168
-69.087867,305,28.248173
36.966775,155,28.331186
-158.066035,270,28.497173
-15.06705,119,28.561194
-57.957572,252,29.506322
-174.338111,256,29.671107
-174.590087,232,29.81412
36.283639,1000,31.128144
-32.816997,290,31.318172
3.992658,118,31.382189
-227.089559,232,32.353179
-51.709666,132,32.430182
-75.890802,226,32.563185
-310.569299,201,32.674183
11.224042,196,32.784454
-175.503978,226,32.915186
-99.325625,270,33.086155
-45.402928,290,33.281001
-92.615144,170,33.373753
-60.160143,218,34.313154
-115.097466,211,34.451195
-29.419333,319,34.670162
-132.946336,262,34.83019
43.116542,1000,36.149167
-22.033414,171,37.042129
-20.877018,149,37.13418
7.749812,111,37.205116
95.936079,1000,38.445147
-44.114017,357,38.687113
95.721186,1000,40.722156
-50.255033,238,40.859171
84.089334,1000,42.248371
67.860822,1000,44.299169
22.428263,187,44.407142
-63.680974,286,44.600199
-32.552872,224,44.731161
108.36301,1000,46.61917
8.039078,186,46.723184
-30.396982,300,46.940201
-35.396987,293,47.128086
-128.285658,397,47.441189
8.22788,243,47.58518
5.367735,227,48.538172
-12.799139,376,48.805147
-6.705058,300,48.997167
-7.695577,304,49.199178
-160.457966,248,49.347175
-5.789529,315,49.568175
-41.717475,251,49.717178
6.677787,218,49.840192
30.203891,1000,51.929162
51.5577,1000,52.889357
6.836492,1000,54.778141
-74.066205,330,55.01019
-44.357994,301,55.199244
-29.889409,1000,57.318168
-116.339425,560,57.897977
77.635635,1000,59.585147
-97.617046,440,60.019081
-56.670618,284,60.2106
-112.758558,575,60.799163
-106.10174,479,61.171017
63.78261,1000,63.060561
48.847637,1000,64.09757
-165.935281,689,65.599549
144.186778,1000,66.510662
-83.550848,439,66.841367
-60.695814,516,68.12273
51.382962,1000,69.748051
18.54844,1000,71.973045
-153.892511,657,72.578763
65.388826,1000,73.755883
-156.978614,610,75.224562
25.924036,1000,76.403558
16.632728,1000,78.577515
72.314029,1000,80.098096
61.741155,1000,82.578599
-88.36745,1000,84.777632
96.417989,1000,87.364579
109.688868,1000,88.461707
90.96953,1000,91.111173
-192.432084,904,92.079571
-104.803056,1000,94.208554
118.029877,1000,95.552684
141.606538,1000,97.585462
219.319267,573,98.150565
-134.667966,794,99.127299
-162.035394,864,100.904514
212.954329,487,101.256708
-140.167151,817,101.929133
33.629107,1000,103.622571
-76.511156,455,104.0397
162.904627,652,104.744575
15.276083,1000,106.55781
195.804679,535,107.050524
195.628565,489,107.454905
78.288252,1000,109.26751
13.460575,383,109.585793
216.977256,390,109.86057
172.077932,537,110.440889
184.832695,496,111.762571
230.088149,476,112.122534
188.024306,562,112.700054
246.287711,414,113.052696
225.138186,470,114.307505
-41.510405,1000,115.434556
189.84283,574,116.058679
-46.42964,339,117.104295
183.870368,629,117.691519
-91.512497,622,118.234895
235.86732,448,118.620628
-94.403928,561,120.09907
251.175851,374,120.351928
-212.743892,743,120.915056
-45.973848,423,121.244158
204.189768,459,122.418594
-9.475704,326,122.647736
-10.608425,273,122.837765
-24.452569,1000,123.716205
-41.569126,400,124.880785
-81.465026,413,125.242588
223.942337,408,125.553544
-45.173983,347,125.801464
-53.526249,472,126.222469
201.850253,453,127.562977
123.435501,789,128.5595
128.226809,750,129.30052
-74.455064,358,130.402958
187.898431,496,130.766679
234.34098,449,131.160563
201.43396,618,131.722226
180.43372,441,132.894346
228.53251,502,133.314748
-12.526398,344,133.549938
196.36888,535,134.01614
200.820786,535,134.526587
164.934714,558,135.904084
-50.896705,458,136.32763
180.164674,578,136.969593
-46.345649,320,137.197591
-59.076506,280,138.200886
102.195348,858,139.279537
-61.293524,244,139.42891
182.205397,591,139.891487
213.56903,492,141.17454
8.623099,1000,142.318555
134.63801,775,143.068631
222.152587,594,144.460498
-103.64607,567,144.912489
206.940305,432,145.252507
184.75869,634,146.751112
184.174703,492,147.244799
181.784772,689,148.058484
-39.182562,292,148.251656
187.502555,520,149.633176
181.137847,464,150.04096
175.261807,589,150.670617
159.894488,544,151.208704
-29.041399,321,151.422031
184.952293,455,152.655105
-74.1501,431,152.997151
182.837646,611,153.583159
224.570802,435,153.973161
198.949351,562,155.409156
148.721562,581,156.001146
192.61911,610,156.563165
-83.277594,480,157.035161
206.117853,531,158.646169
202.548262,501,159.034133
190.058008,526,159.531168
169.294247,807,161.419523
180.111213,534,161.940113
189.63399,567,162.617018
212.415328,534,163.219181
-86.51891,391,164.307157
153.36547,738,164.992107
-96.357465,455,165.449144
-97.399535,442,165.782106
-74.224719,542,167.231139
164.569986,664,167.931109
132.224834,561,168.502087
-111.583927,472,169.7441
-76.314596,464,170.114161
204.010954,592,170.622131
216.963155,519,171.067154
145.147019,576,172.394598
184.536949,502,172.905232
206.968508,505,173.375973
157.501731,552,173.867651
-113.21063,454,175.090356
-83.855987,427,175.465068
112.927945,852,176.257722
146.417466,796,177.86514
110.790813,622,178.410087
-75.617148,445,178.769145
-75.721582,382,179.037152
20.934111,361,179.295155
18.071078,354,180.346123
-67.229909,395,180.725985
-27.022787,390,181.010169
235.766368,416,181.328125
-86.577099,356,181.592165
-174.552316,681,183.054157
9.219374,1000,184.651169
138.620617,730,186.059154
-92.708416,335,186.306146
145.652294,549,186.859242
-114.746683,482,187.237125
234.036337,443,187.716159
-63.803828,390,188.894071
-77.666642,374,189.18914
-12.768474,331,189.398147
203.994474,441,189.74914
204.644594,436,190.092471
-107.197569,420,191.294094
-59.969773,318,191.502896
158.185131,508,192.006156
-20.392992,335,192.240166
-151.151265,659,193.815124
244.368962,379,194.115124
-68.32709,335,194.352144
212.618806,381,194.667149
-106.427104,523,195.159984
-123.420812,578,196.609127
222.625688,338,196.848114
-20.577137,238,196.994861
-101.935351,471,197.376149
-5.219042,168,197.47515
119.152134,582,198.089443
118.498489,1000,199.79316
-61.269735,576,200.203161
-22.722847,339,200.43313
-174.812288,591,201.865154
235.557778,375,202.16615
61.403998,951,203.105157
-113.502591,633,204.607153
-33.670617,291,204.815017
118.946939,614,205.418057
204.293869,510,205.938145
172.10827,626,207.304124
208.886773,449,207.737115
-24.79986,414,208.030162
190.857427,540,208.502101
132.104397,543,209.851793
176.563905,515,210.345093
219.875026,494,210.814152
121.462211,803,211.711163
198.148325,467,213.024159
196.808497,397,213.340424
188.557552,413,213.710103
215.854026,466,214.170176
223.210108,377,215.287087
184.638533,778,215.989868
73.042452,984,217.03207
-79.695096,467,218.274124
126.780095,1000,219.222172
201.104007,385,219.549139
197.768206,382,219.800169
186.498878,483,221.064126
-63.707661,238,221.215124
-7.600672,1000,222.485372
233.469647,385,222.772604
89.666546,800,224.324148
-90.675023,568,224.86116
254.483256,312,225.088147
170.775083,840,226.772159
-22.628538,477,227.121152
-91.73604,405,227.472969
23.761904,197,227.591155
142.825306,680,229.177086
207.397927,398,229.49914
204.920491,536,230.054152
182.962797,612,230.681126
-66.190838,310,230.896114
-60.556994,435,232.098139
-51.7296,325,232.31413
167.451617,577,232.891159
237.657347,383,233.205855
224.177436,357,233.523154
-58.73994,321,234.5811
202.458863,502,234.996145
-68.372086,260,235.15814
227.910951,529,235.717926
150.602821,417,236.012154
252.987069,442,237.222157
-54.563594,222,237.368151
202.596059,358,237.654126
-59.643129,290,237.851043
219.099251,359,238.154258
226.855358,363,238.455457
-42.113344,398,239.60391
-16.280256,273,239.790166
233.625147,412,240.152375
219.049914,453,240.537143
-29.891706,409,240.862159
-60.698409,282,241.871152
-1.644294,194,242.004119
199.896831,418,242.347153
243.081424,412,242.687898
208.735015,354,242.953063
-2.09331,301,243.18116
248.560938,353,244.286601
217.971393,484,244.750028
254.800915,599,245.245744
-63.903902,400,245.554149
147.288321,677,247.023977
-29.153403,440,247.406111
209.07179,516,247.821127
164.228775,638,248.666143
-27.038398,275,249.642094
-5.369445,437,249.995147
-59.60953,269,250.168135
214.041539,322,250.41016
235.476465,377,250.730159
200.573006,368,251.005932
227.523768,381,252.153689
-21.318755,319,252.378138
69.326242,1000,253.561464
253.548223,376,253.863156
226.092862,336,254.916084
212.626378,461,255.356109
187.948884,493,255.766306
187.676574,549,256.253161
-40.002551,602,257.549205
211.224561,522,258.058141
-63.287676,288,258.232699
214.128599,415,258.579103
216.913344,339,258.830935
153.448968,694,260.436081
177.017369,567,260.970435
159.685119,525,261.498136
218.61429,333,261.714853
-71.827539,578,263.013151
8.587941,252,263.170159
163.55993,605,263.638134
-59.820621,402,263.952157
-63.876514,484,265.166986
230.396517,372,265.460128
-18.767172,402,265.759049
219.716245,560,266.247108
-57.019967,494,266.657603
170.760699,684,268.127139
185.670234,525,268.608136
-20.937484,217,268.739128
-20.742908,239,268.887049
228.653354,392,269.186141
229.644056,454,270.397136
232.632494,439,270.765765
-37.057686,181,270.866524
-25.770096,238,271.011301
172.114426,596,271.535143
17.597738,1000,273.479467
-53.306031,282,273.651148
165.105569,516,274.096947
-73.294869,416,274.464084
247.477228,374,275.600149
216.745438,354,275.898135
13.559201,179,275.998134
240.44891,355,276.293147
-97.687318,585,276.831162
190.652571,799,278.587142
225.696103,609,279.110155
211.68303,407,279.376783
16.412316,1000,281.260094
-11.254359,1000,282.874112
192.329486,476,283.295138
159.582031,951,285.693146
240.379918,334,285.940152
-64.673811,751,286.587155
-146.717739,894,288.269084
168.983992,799,289.384112
-4.7901,302,289.580144
251.162036,345,290.680008
212.08147,390,291.012213
222.125847,401,291.334318
-14.805832,270,291.511398
193.053624,484,291.96051
254.417414,338,292.197474
145.637588,717,293.845489
157.384924,562,294.396382
-75.591608,464,294.789064
172.367914,622,296.066078
240.30691,403,296.370751
139.325015,746,297.181149
-34.718365,1000,299.25913
-108.911341,546,299.80511
-82.359403,443,300.203148
230.410475,387,300.506458
-7.580664,1000,302.44495
-34.802519,256,302.611152
73.450548,1000,303.521147
185.547135,458,304.797136
-29.876492,508,305.195073
288.42554,387,305.479128
-28.067596,347,305.707102
258.858229,357,305.965037
-64.332339,420,307.149458
-24.794004,306,307.369064
253.177806,314,307.595142
-108.24586,488,308.033118
157.965282,608,309.384305
218.262611,374,309.717104
-16.045346,450,310.066103
173.533347,691,310.637131
222.471234,422,311.003001
217.548934,402,312.153105
224.316554,407,312.478129
176.324822,533,313.031122
170.61252,494,313.477132
-57.628391,1000,315.30713
217.22459,399,315.587068
-12.118598,244,315.74208
213.723412,371,316.031143
20.317559,1000,318.321082
-96.474611,489,318.72314
-10.025328,236,318.862117
140.178489,824,320.467108
206.475188,396,320.806072
57.609211,1000,322.143145
-91.080994,574,323.425856
222.082304,435,323.799857
205.670737,406,324.078095
230.926664,367,324.355144
-47.508774,414,324.694139
-3.663191,247,324.844679
69.56096,1000,326.907101
183.915877,560,327.51047
-4.563848,291,327.710146
-27.991977,243,327.868117
109.165735,634,329.440146
93.783423,1000,330.503139
-50.376458,446,330.858125
138.015508,524,332.326129
238.761345,379,332.598117
-177.044047,945,333.473112
222.66686,381,334.593138
-59.206698,1000,335.491147
142.98365,603,336.003109
201.087719,452,337.230087
227.509039,401,337.572141
215.084733,444,337.951144
-36.364972,1000,339.147063
-150.117967,886,341.088129
-11.621218,317,341.310083
221.921235,398,341.61402
-63.969441,380,341.956139
7.56824,1000,343.972108
222.375489,357,344.268123
-100.404231,530,344.749119
64.364722,1000,346.43213
216.732775,456,346.780899
-77.175274,535,347.205844
-100.836364,730,348.677072
174.264749,477,349.051118
-85.123614,548,349.514027
-54.283192,1000,351.812108
-55.18996,1000,353.037124
-25.978974,1000,354.960112
146.625344,702,355.911109
119.853728,676,356.616126
-81.631421,502,357.850143
-87.062627,1000,358.875134
205.835293,376,359.143073
-92.577841,1000,361.016127
165.661213,594,361.693139
235.809241,289,361.872144
-184.008383,960,363.593138
219.958465,430,363.879681
229.293144,498,364.29812
149.441289,596,365.008514
205.343466,452,366.279634
-49.732629,328,366.496133
-67.773753,1000,368.451138
-69.326637,335,368.681109
-67.068298,444,369.891133
127.588768,518,370.444066
-122.588323,734,371.294127
-91.117238,1000,373.103163
-63.247869,1000,374.267095
207.526242,405,374.602483
183.869622,466,375.790598
265.203859,329,376.045134
181.641106,494,376.555133
6.467981,198,376.665126
-87.485613,335,376.891138
-20.641576,272,377.059108
-133.604538,585,378.515509
-29.057464,235,378.673088
22.809386,1000,379.722512
-7.589402,280,379.907989
245.15403,477,381.090959
215.477797,479,381.457697
-108.600093,420,381.748199
-160.820385,738,383.272407
-75.603152,1000,384.794235
-110.327306,463,385.148713
212.532253,375,385.435589
20.668956,301,386.454454
-34.517613,288,386.656671
226.73082,321,386.859529
-91.119475,1000,387.892207
-76.575129,393,389.074555
-72.800767,1000,389.990477
-154.835881,703,390.636093
196.689683,455,391.818624
-30.980093,264,391.998067
-48.03389,279,392.179487
216.366315,409,392.483666
155.241917,944,394.085555
-22.103351,253,394.263725
216.401368,546,394.747897
-51.633584,320,394.939694
237.326289,432,395.313598
-180.680361,938,396.985722
-191.894805,970,398.044475
-57.671138,1000,400.054449
-103.514777,490,400.570488
-78.139519,260,400.727332
-72.468639,295,400.919816
122.120942,662,402.354474
-48.601017,1000,403.286852
-47.065649,1000,405.25553
-130.530216,1000,406.178511
-4.277422,226,406.316627
-208.297607,993,408.44596
195.758698,408,408.726165
-186.499609,916,409.663435
239.844175,410,409.978523
-43.147002,1000,411.947975
-167.520718,849,412.774813
-78.993801,1000,414.667716
242.500293,348,414.933636
-148.64745,783,415.620512
203.604683,843,417.647495
-2.923748,206,417.768013
-40.454682,242,417.915904
216.94114,344,418.174116
159.745982,523,418.75949
-33.286816,221,419.724591
192.006804,570,420.342505
-65.097334,1000,421.376503
181.353003,455,422.581497
-47.778175,266,422.748552
-95.694395,340,423.004681
239.735683,420,423.37196
219.735523,599,423.810466
204.640299,420,424.986639
-110.14848,399,425.325794
-65.552476,1000,426.32409
195.956129,412,426.687307
208.126141,419,427.856498
-80.633372,1000,428.958533
65.477144,1000,430.565434
-149.200382,877,431.618639
-90.878736,1000,433.301478
-82.718741,409,433.653475
-152.846611,885,434.545116
239.776866,422,434.884058
-51.889001,244,435.031663
-64.798619,379,436.183474
218.112965,417,436.534945
196.386939,414,436.911627
225.781073,360,437.190881
202.553771,426,437.529506
-58.918937,430,438.707602
171.97384,600,439.211483
139.276372,997,440.324546
-54.163075,312,441.354829
213.687603,408,441.688705
196.04708,373,441.951872
217.252777,369,442.190492
206.155659,289,442.391505
180.750734,333,442.608549
-73.868013,441,443.752552
186.003606,593,444.32181
128.545048,664,444.991523
-96.749817,507,446.26019
-88.514339,424,446.629586
187.347545,374,446.930118
189.306339,524,447.387437
-31.895334,178,447.48612
-135.072952,789,449.154639
197.390277,590,449.698661
-166.144652,951,450.684754
-3.096357,239,451.645569
-98.6167,673,452.431924
199.068437,500,452.901897
222.259459,375,453.171457
-51.599246,1000,455.11179
-39.520469,281,455.303297
225.461393,462,455.737523
195.376259,332,455.997496
19.896436,1000,458.152468
231.302848,387,458.481466
-20.657265,251,458.642457
-61.46103,531,459.034417
-35.441558,1000,460.878917
162.647476,432,461.2077
201.764208,439,461.609501
-28.149681,275,461.786469
232.640811,375,462.928477
-75.923937,1000,463.854483
217.930305,420,464.200548
-138.20608,998,465.976527
189.552575,362,466.238403
194.360341,407,466.548347
-29.776582,319,466.786772
-85.176253,448,467.168592
-66.953823,246,468.141496
-44.582645,268,468.330746
-12.216226,263,468.505304
237.987277,355,468.760725
-14.841813,209,468.880485
-7.728762,1000,470.998561
-38.961866,241,471.147513
-55.937965,224,471.290522
-40.172545,1000,472.390496
158.598779,393,473.530468
198.988792,308,473.749705
-72.690738,284,473.927495
145.934191,883,474.802457
-77.420844,1000,476.576519
213.108032,384,476.903492
-64.937449,624,477.482495
-52.868288,261,477.650725
203.386758,341,478.740961
-78.782609,285,478.935537
204.529889,449,479.307567
-12.399066,327,479.543761
217.893474,492,480.026741
-130.357982,599,481.597795
-18.901059,233,481.745986
199.60243,375,482.044984
-27.682038,235,482.188812
246.845976,399,482.477155
-50.106406,202,482.594244
-61.291763,179,482.698406
-57.86091,1000,484.585472
165.03768,390,484.891782
211.872228,344,485.170974
127.887719,861,486.808577
0.92015,1000,488.339309
-26.925422,1000,490.175516
202.439063,334,490.420845
218.531377,314,490.618946
-2.693622,223,490.751738
209.992951,456,491.147502
154.065683,808,492.905763
126.721921,853,493.809725
175.524886,370,494.085923
-49.102835,243,494.236962
-78.029084,721,495.681912
-10.884874,206,495.7986
161.36141,693,496.452457
-91.434991,269,496.620443
214.914205,309,496.836446
180.686632,555,498.362523
212.830104,465,498.754965
220.127422,386,499.049212
130.956774,846,500.675435
7.040154,1000,502.08549
-97.006569,692,502.858541
-31.765909,224,502.994501
-64.149273,190,503.917989
215.378787,341,504.213512
214.720778,504,504.725763
-60.346625,219,504.849525
-72.907438,287,505.045491
195.186481,349,505.294498
230.523247,393,506.435505
239.767518,463,506.842466
-40.129419,596,507.26405
-44.644181,243,507.403732
202.221991,422,507.766051
129.394717,896,509.773459
218.494696,323,509.999817
221.764245,508,510.367427
239.318332,388,510.656434
76.540985,1000,512.308116
204.29783,276,512.468961
-82.611173,582,512.921868
204.953345,475,514.241495
202.973482,640,514.711484
-49.458522,283,514.886468
204.414397,521,515.3525
-61.807073,495,516.576661
-49.86516,196,516.692718
242.076388,321,516.921479
220.176543,343,517.192469
-44.798756,246,517.335499
232.183607,542,517.762649
148.208914,581,519.19949
-36.050464,181,519.298482
174.144756,667,519.973942
235.634609,441,520.32049
169.161601,656,521.761658
248.299669,305,521.981467
55.187881,1000,522.798018
-52.766613,1000,524.562473
-78.661916,223,524.693502
201.57563,401,524.996489
-127.111667,700,525.651518
248.190087,361,526.759439
-55.919694,197,526.87848
-50.17784,239,527.0265
226.588087,325,527.259534
-79.014168,248,527.405492
-71.661108,407,527.713464
213.0871,275,527.876458
-60.269555,262,528.881316
-54.341014,396,529.223577
-97.42155,1000,530.176636
-78.226042,1000,531.898477
200.909688,533,532.440263
-20.482319,173,532.536043
231.829292,290,532.716624
188.422671,466,533.115502
147.132392,428,534.303883
182.287018,413,534.622107
-37.079532,179,534.725142
-14.087513,235,534.863184
-46.244564,205,534.981038
228.339506,497,535.385525
192.439956,541,536.724466
-51.330134,672,537.221444
191.935255,355,537.497632
-93.475056,539,537.993443
-33.627988,442,539.197899
29.177526,1000,540.703511
248.580744,534,541.203496
174.835319,356,542.292452
-67.526306,246,542.447455
199.152223,642,542.951511
146.147606,875,544.084394
-56.356353,205,544.210257
43.971431,1000,545.935988
141.875149,988,546.888645
222.487249,588,548.361452
203.240135,332,548.581894
-61.114849,211,548.709553
213.709588,441,549.06457
-55.30659,270,549.235211
-63.991783,219,549.367857
-8.14012,316,550.440486
219.856173,316,550.676419
178.200104,331,550.891907
217.322093,690,551.538499
197.145153,408,551.868027
-21.494165,181,552.778479
221.581188,502,553.217522
-32.209038,277,553.411478
196.222982,386,553.704478
208.66277,626,554.178488
210.702759,366,555.287241
-99.328683,492,555.748432
-51.978178,427,556.097439
220.297552,307,556.323448
235.493536,426,556.716458
207.116755,340,557.800389
202.396856,401,558.127478
-28.582835,297,558.315474
200.281956,541,558.822474
-9.126894,1000,560.81546
195.542489,331,561.0506
164.613515,744,561.797462
164.906927,968,563.594207
-63.883065,1000,564.425472
151.372796,697,565.124461
-13.340529,221,566.078519
-72.301561,1000,567.46271
229.323778,324,567.675479
200.948574,278,567.847648
-61.868401,1000,569.865494
220.385779,475,570.264447
232.026224,506,570.762483
164.894869,823,572.721513
220.400885,382,573.046481
208.46931,541,573.576555
237.587862,242,573.725437
-31.413475,1000,575.749579
221.26733,528,576.196578
158.388427,351,576.472938
199.208658,298,576.666461
-69.215486,162,576.752502
144.323217,393,577.882687
201.435628,297,578.093513
-51.675256,527,578.553086
205.233295,420,578.879505
220.644329,526,580.220468
181.816134,781,581.192539
228.789055,602,581.687514
-60.039632,219,581.822481
-187.059676,986,583.750487
-26.589048,177,583.84547
-40.889603,198,583.957013
-36.729008,1000,585.25293
223.262235,519,586.545854
-35.133643,245,586.698442
-28.42925,224,586.834927
152.532832,879,587.749484
200.032217,366,588.840591
222.185661,389,589.1877
194.858159,390,589.502434
172.884085,317,589.719432
199.630775,279,589.900454
217.700751,377,590.189467
81.452588,1000,592.391434
237.310829,407,592.71538
172.516688,875,594.36247
221.584105,396,594.695453
233.483009,438,595.05844
207.103231,266,595.226041
-113.700739,258,595.380628
5.510563,1000,597.303593
-63.552004,689,597.795566
-73.748909,219,597.923374
-15.733966,226,598.066496
242.946355,509,598.45916
154.815363,413,599.607473
187.40659,281,599.783866
176.010964,652,600.349421
-93.024239,721,600.99543
209.029325,537,602.38338
-28.637622,1000,603.741469
205.49881,579,604.942443
-62.741784,234,605.104466
190.701345,312,605.32653
-26.90501,334,605.569515
-37.856233,690,606.09745
241.361243,468,607.356717
222.369569,453,607.725261
-34.254961,197,607.847319
-15.355598,168,607.9434
197.633922,774,608.754277
228.918995,446,609.914441
219.975237,470,610.235855
237.575713,380,610.555421
6.309482,222,610.676464
216.220731,317,610.899542
225.880346,309,611.106636
240.176801,491,612.373532
215.528567,398,612.73173
221.038734,349,612.988664
187.635713,598,613.506
227.315764,361,613.760773
-47.859331,1000,615.5404
-47.5456,349,615.80834
253.34709,385,616.108815
-25.781228,225,616.244452
212.718689,379,617.634564
-36.898642,286,617.82306
200.766073,314,618.033497
204.981467,425,618.386554
239.322209,347,618.663841
66.144508,1000,620.467524
-25.354485,1000,621.595484
-26.925767,196,621.711465
-45.89105,174,621.809509
209.388976,533,623.20192
212.01961,394,623.546432
205.169409,397,623.843946
-91.643325,195,623.948666
218.468737,352,624.220014
219.205054,375,624.517464
-46.949044,164,625.42045
177.882013,487,625.739643
226.918083,342,625.993791
224.954187,420,626.362135
234.704527,333,626.608474
237.23433,417,627.811651
-28.582608,409,628.102412
140.363813,755,628.988491
-11.420881,266,629.165196
231.89318,407,629.470461
-49.906003,233,630.406988
50.782298,1000,631.433488
213.387483,377,631.714998
220.65379,280,631.90708
100.439988,1000,634.033485
225.790865,429,634.385645
221.782707,350,634.658989
-90.481101,632,636.162454
-50.800735,205,636.286648
-51.383812,455,636.649485
-45.910438,255,636.794475
215.118893,352,637.041514
-95.556278,190,637.146536
223.586076,379,637.420682
230.10929,380,638.616647
-19.496809,208,638.738604
-44.33988,146,638.818473
-33.550627,262,638.980469
206.134526,290,639.170455
-41.070739,1000,640.775426
-10.93899,208,640.91789
-90.707018,302,641.102547
216.617134,326,641.361724
-57.345406,240,641.500829
-58.95868,504,641.873036
-73.378955,278,642.049133
-14.846451,147,642.943482
225.956814,459,643.362945
-30.758851,1000,644.211462
-74.478334,221,644.334471
230.433044,353,645.415489
186.958776,425,645.793408
231.767775,316,646.014396
72.202023,1000,646.728471
-57.530887,393,647.80245
246.334519,400,648.116491
223.87255,329,648.377254
227.235586,360,648.647422
215.984507,333,648.898386
242.081065,375,649.161512
229.457886,313,650.188451
-12.190449,1000,651.328439
94.913137,1000,653.181459
-67.614542,255,653.351009
-56.905408,257,653.528533
151.805678,351,653.768973
215.47224,367,654.052777
-94.113862,320,654.294476
240.732019,374,654.578561
192.330694,340,655.65767
-61.562356,178,655.764776
-51.539168,237,655.918868
208.040336,345,656.199862
170.425405,340,656.437482
218.452133,320,656.677993
-67.441222,266,656.843482
-94.052333,472,658.040804
194.988029,320,658.279465
-96.083104,319,658.478628
-93.686158,231,658.629927
115.90958,837,660.809469
-86.021156,319,661.003446
148.867732,525,661.35502
193.844988,535,661.820021
-75.201662,455,662.166462
238.385725,420,662.451893
-75.514902,229,662.573568
-169.687486,886,663.308473
-107.511894,544,663.678532
206.301966,489,664.083865
179.472815,394,664.309498
-86.005744,238,664.43545
157.110905,589,664.95646
-36.99761,256,665.101476
-28.70601,280,665.273896
178.3831,361,665.523469
-70.967904,328,665.730477
163.782251,477,666.055467
-124.97299,268,666.203496
222.190178,416,666.521467
131.191907,755,667.307661
-59.970663,276,667.454492
-3.806102,248,667.580509
-43.703429,214,667.695484
234.572505,415,667.950287
209.672055,330,668.151826
-24.142219,1000,669.274471
-50.415116,217,669.376485
-55.998687,232,669.49547
144.369367,446,669.789474
-126.903214,556,670.259478
192.409024,455,670.616472
-43.059969,228,670.736447
-74.933291,236,670.862444
203.059306,418,671.165441
220.448193,411,671.459484
-156.471688,912,672.243487
-73.983963,328,672.424464
-22.023576,229,672.541456
-48.575076,521,672.951493
-52.414552,247,673.079494
-67.440748,370,673.288476
214.512834,342,673.496457
-54.694721,1000,674.410658
217.083974,313,674.565614
104.976718,957,675.755499
-13.444314,185,675.841459
33.555515,1000,676.873467
199.756139,345,677.102449
-33.722324,251,677.24245
-59.920628,260,677.380433
69.884768,1000,678.342679
167.419478,444,678.6039
136.664351,552,679.069015
179.219265,695,679.665406
183.212592,389,679.883409
-59.541475,283,680.038429
219.446617,405,680.301411
-45.179767,1000,681.430462
-48.08959,285,681.58106
222.015043,399,681.849471
-7.33113,191,681.935455
-52.422025,302,682.102466
239.311789,421,682.391474
-72.516933,447,682.766477
-43.970839,1000,683.657623
215.971243,649,684.126473
241.838097,411,684.405473
-47.055518,283,684.545473
-145.610881,769,685.099509
68.326162,1000,686.57048
-58.829699,319,686.762481
272.760406,523,687.107986
-37.665167,206,687.215481
-47.104645,358,687.449478
-68.036979,312,687.633461
-59.941255,453,687.929472
129.343066,498,688.236463
216.040917,405,688.552458
212.492766,444,688.901447
173.972636,389,689.160455
218.282292,400,689.444466
-62.525831,400,689.690445
158.324696,372,689.949492
-68.16594,243,690.077981
189.51643,414,690.343543
-118.375099,279,690.501429
1.110733,1000,691.490478
-60.598362,282,691.629496
-49.996869,230,691.746461
-80.10556,253,691.887805
233.494671,398,692.180996
-195.537334,934,693.015145
-71.505657,364,693.23325
173.066332,320,693.408294
174.943894,613,693.860923
209.265368,407,694.154466
187.045081,444,694.478631
-101.655928,475,694.823478
-104.757824,678,695.398483
-36.482858,1000,696.075443
-66.290376,380,696.320452
-184.531946,904,696.921452
-49.895065,338,697.137553
220.300492,396,697.438465
-68.341067,464,697.790463
-69.266014,415,698.035481
195.296785,368,698.28848
-14.82529,438,698.596442
161.227137,662,699.071908
194.727817,387,699.302468
146.281621,430,699.536484
150.902897,423,699.82847
-122.763567,862,700.396449
233.487738,521,700.898464
-73.22468,469,701.230483
-54.863663,189,701.322464
-76.45723,1000,702.092487
241.376605,401,702.400453
-130.131412,749,702.90852
195.725167,341,703.117984
179.67411,415,703.40647
139.376481,430,703.689474
-164.379978,797,704.368631
193.724895,428,704.691467
-104.607515,503,704.977463
214.843776,398,705.256434
202.430886,371,705.469459
158.60433,628,705.978472
183.18477,370,706.224462
-49.820147,244,706.346447
207.555381,353,706.542449
-58.053809,228,706.654383
147.587958,634,707.201455
243.148701,439,707.532446
163.522756,513,707.993454
-67.917288,238,708.114477
-93.071888,1000,708.954454
-70.018591,459,709.277439
-99.411149,572,709.691485
-50.334366,345,709.891656
236.180075,383,710.13949
150.285689,401,710.408513
-51.178051,314,710.579484
-23.486149,252,710.718521
195.863523,572,711.173819
-89.937102,514,711.519714
208.246673,449,711.842485
-171.392318,854,712.638755
202.463234,505,712.995999
-66.970532,443,713.261243
-38.313972,321,713.424367
-43.455104,231,713.542436
-58.915245,370,713.771443
-113.117315,269,713.91044
-81.823763,265,714.051409
-44.129258,1000,715.532471
-58.180134,317,715.688441
-43.868239,220,715.798473
-35.839124,236,715.917996
-60.086222,247,716.049476
-56.669853,250,716.179455
-33.87395,242,716.308517
119.489469,741,716.92743
182.613888,377,717.171478
-43.507051,1000,718.604455
-27.952827,1000,719.277963
175.663206,466,719.54553
-28.41413,167,719.622608
186.336653,391,719.851774
-88.271081,1000,721.099453
183.290729,340,721.321447
224.704681,380,721.579402
-49.353254,257,721.704784
142.248631,651,722.119408
154.259225,388,722.34741
166.379247,366,722.560211
200.386923,375,722.805554
225.109037,400,723.042639
-56.181716,362,723.248465
97.718824,1000,724.370463
-80.370651,355,724.54742
-40.043812,297,724.701469
-103.534504,562,725.118594
72.530745,1000,725.976436
186.052708,362,726.237409
-45.207355,212,726.337514
-69.458613,1000,727.49847
-47.113264,389,727.772722
-75.431249,185,727.867583
-129.66714,730,728.505457
-19.900276,1000,729.287454
-12.939819,192,729.376448
-56.232635,216,729.482475
203.926424,487,729.835469
-55.933697,1000,731.600717
-37.506466,204,731.703481
-0.114824,238,731.839468
-93.858485,537,732.226733
221.569048,376,732.442442
