#{"t_start": 1646713807.1949215, "env_id": "LunarLander-v2"}
r,l,t
-189.239019,88,0.07977
-220.259439,76,0.130635
-238.297401,102,0.191472
-107.42744,90,0.245328
-84.120556,63,0.289213
-103.445788,96,0.348053
-114.397281,94,0.410885
-249.14964,100,0.479701
-223.401821,89,0.542533
-173.091552,64,0.584421
-85.374551,119,0.660219
-97.273853,62,0.704102
-112.606642,69,0.748982
-115.630484,93,0.817798
-166.22472,145,0.932995
-148.276592,76,1.020274
-92.439979,126,1.172864
-101.14621,55,1.22971
-418.980549,130,1.443139
-85.673623,81,1.551848
-302.340378,84,1.645598
-463.027339,136,1.851048
-319.315661,103,3.880961
-109.891898,110,3.951216
-163.467731,133,4.032029
-85.907672,66,4.07094
-159.924395,113,4.145007
-73.527822,75,4.188891
-83.165203,77,4.240647
-158.725981,88,4.297939
-198.224158,105,4.372596
-276.36157,105,4.436608
-237.746057,105,4.501699
-83.099597,144,4.597557
-52.712703,71,4.640442
-83.333855,171,4.750392
-78.139514,69,4.79061
29.789821,90,4.845613
-206.329088,102,4.90562
-114.546582,84,4.954527
-95.570537,83,5.007668
-130.752527,91,5.061678
-88.433545,74,6.671581
-75.988991,75,6.722962
-97.736677,103,6.796766
-85.596602,72,6.844162
-85.563058,93,6.907988
-163.267111,84,6.96384
-169.48375,126,7.04961
-92.52546,94,7.110446
-125.398862,60,7.152335
-55.43992,129,7.243092
-38.635603,133,7.339833
-76.602292,123,7.422612
-89.342428,92,7.484447
-104.955598,73,7.531321
-84.730745,86,7.590165
-127.18554,75,7.640031
-93.166268,111,7.714832
-148.980789,146,7.823541
-146.068352,95,7.885375
-120.198245,124,7.969151
-150.09756,149,8.078858
-63.629971,99,9.566688
-72.061287,150,9.665424
-144.643283,160,9.769147
9.993273,95,9.830981
-44.914324,108,9.895808
-46.021054,132,9.972602
-278.690183,149,10.068346
-86.159659,107,10.134172
-67.25608,69,10.175061
-265.561369,126,10.252853
-106.66538,131,10.335005
-99.0744,156,10.432654
-388.924198,145,10.535565
-39.04009,85,10.592666
-210.854497,132,10.68071
-50.143972,114,10.749663
-76.59903,152,12.325385
-63.214777,146,12.417137
-62.162531,133,12.502914
-42.711327,141,12.594431
-202.478935,119,12.67322
-26.240965,132,12.757994
-70.614184,104,12.823349
-115.302933,133,12.909119
-84.696622,90,12.966963
-89.230546,132,13.051501
-113.735968,126,13.132313
-35.981415,96,13.193122
-66.601039,142,13.27856
-62.525512,126,13.363306
-56.256103,120,13.444091
-5.6108,84,13.491962
-35.55491,141,13.579587
-76.482476,126,15.180237
-261.742735,193,15.316643
-22.846459,195,15.462254
-188.420024,202,15.606719
-24.50959,138,15.694934
-33.333738,125,15.77682
-54.719053,155,15.883415
-119.43796,152,15.991041
-72.02422,103,16.061028
-47.079883,113,16.137069
-46.319949,183,16.267126
-1.354265,147,16.368011
-25.833816,167,16.481291
-55.063125,230,17.984641
-170.547509,190,18.112378
-79.926192,207,18.257989
-158.473904,193,18.389306
-217.132587,234,18.562904
32.979714,118,18.63734
-182.30874,365,18.981035
-14.355409,169,19.114176
-260.430836,186,19.248938
-183.018981,153,19.346984
-213.651657,221,20.993773
-144.665776,201,21.126655
-114.474256,237,21.320113
-156.441122,169,21.431575
-210.702926,194,21.563581
-152.702452,164,21.674824
-202.890799,200,21.82005
-250.700075,174,21.940109
-109.515742,179,22.058017
-168.11549,163,22.160039
9.129831,239,23.826083
-173.365988,185,23.964464
-172.42055,326,24.253483
-59.678519,205,24.412057
-180.042309,151,24.516932
-264.455255,277,24.730826
18.146892,135,24.830823
-235.939344,265,25.031173
-134.686718,155,25.139883
-184.838333,238,25.307019
-170.080989,159,26.902732
-198.209171,497,27.393091
-132.268871,296,27.626071
-119.132055,407,28.031042
-102.24853,180,28.156005
-6.376057,158,28.264979
-241.041162,355,28.560314
-205.336329,228,30.201784
-179.15524,254,30.39579
-238.701409,167,30.510192
-35.370167,246,30.695301
-256.930479,212,30.854569
-20.111899,264,31.050662
-241.581408,375,31.380883
-81.392436,241,31.556337
1.134964,1000,34.38638
-32.793338,236,34.576572
-150.414571,167,34.712425
-47.918715,187,34.855814
-149.542869,187,34.986588
141.790014,633,37.180468
-76.350719,336,37.454743
-132.266133,191,37.598485
-77.958607,243,37.781551
-197.501168,153,37.889606
-268.188073,346,38.177557
9.817331,270,38.384703
-86.766352,159,38.488747
-193.925825,262,40.261106
-28.294409,236,40.444154
-222.622089,202,40.592424
-169.023176,162,40.711077
-222.600237,272,40.921207
-168.984345,283,41.158833
-32.914758,205,41.303627
-23.95745,190,41.430218
184.95746,430,43.276738
-46.977771,296,43.513485
37.955418,222,43.685971
-25.342008,169,43.803983
-189.998348,161,43.913008
-166.41555,211,44.065958
-43.741888,172,44.188042
-27.42481,170,44.307002
-19.872957,192,44.444024
-244.402223,478,46.499982
-42.336198,283,46.733961
-255.593572,293,46.957322
-211.328121,201,47.101123
-23.333963,217,47.265979
-150.997904,143,47.366012
-108.833236,156,47.472982
-59.412437,176,47.602966
-191.8079,208,47.763517
-87.221454,261,47.971009
-55.759805,322,49.638175
8.572096,227,49.810293
-228.332408,384,50.166434
1.329644,237,50.358206
-278.11824,272,50.595444
-106.484547,323,50.862989
-46.055123,223,51.02207
-38.363068,308,52.723825
-179.350605,165,52.849488
-200.916432,235,53.034993
-196.60501,259,53.251916
-109.012932,325,53.510731
-256.50127,328,53.799958
45.501641,257,53.999424
-226.236921,282,55.697411
-173.513915,216,55.880929
199.900285,686,56.620933
186.417711,731,57.375562
45.700704,208,57.524163
-35.539914,223,59.176088
-241.555074,336,59.489167
78.19753,1000,60.916351
-34.941655,212,61.084902
-41.583737,162,61.199179
-175.361746,216,61.355763
-23.905383,244,63.01889
-233.226926,293,63.258462
-33.081752,294,63.508809
50.555903,1000,64.716065
-195.715074,262,64.932952
-178.034475,210,66.668816
94.927324,1000,68.080011
31.210905,297,68.330935
34.176643,161,68.448059
252.723337,400,68.907134
-176.823519,226,70.517787
-102.556128,308,70.780694
-283.203705,402,71.198976
-74.151672,672,71.919068
-148.03292,172,72.057004
-31.241479,297,73.799357
153.492117,967,75.167633
-167.935285,222,75.332935
-4.555536,233,75.518624
-185.333908,225,75.685858
102.302296,1000,78.780323
-68.998583,285,79.006382
-187.930426,358,79.355078
-207.151713,269,79.56904
-235.375041,403,79.906153
-209.291622,277,81.598325
-41.229161,293,81.8554
-171.763222,264,82.082026
-15.516744,169,82.198449
-32.293425,338,82.470733
93.676013,1000,85.546961
-67.374006,308,85.814834
-41.715381,229,85.976015
2.687047,367,86.2938
102.610955,1000,89.362676
35.169696,191,89.503915
-25.022498,220,89.657693
-14.674846,169,89.770556
-67.698491,219,89.930493
-71.806932,339,90.223743
-27.114653,297,90.466021
36.954303,277,90.699929
188.945698,1000,93.486151
-54.967847,327,93.766131
-7.775441,291,94.022059
-27.478286,327,94.307191
-151.416122,155,94.411912
3.124656,215,94.56388
-17.520552,226,96.169046
-182.142102,267,96.396572
-181.579838,154,96.501809
-19.321918,316,96.765637
-2.475284,169,96.879336
35.007305,227,97.042948
-34.823922,184,97.174788
-31.724633,226,97.344949
-31.438237,169,97.463175
33.038245,257,99.17856
-175.576219,212,99.338133
-221.978779,385,99.691614
-26.639223,236,99.883698
48.9162,251,100.084761
125.308082,1000,102.872465
-8.079844,197,103.045604
-36.504421,168,103.158303
-36.661304,334,103.45464
-77.591699,278,103.695864
-223.875043,255,103.891565
218.841977,380,104.236464
-36.243843,226,104.403598
-173.619554,160,106.019948
-195.233325,243,106.211613
-72.198985,215,106.377488
-169.121857,216,106.535621
225.600769,949,107.797611
-166.361267,251,108.009296
-150.191665,148,109.61207
-155.759008,227,109.795292
-75.55474,274,110.015249
-23.732147,275,110.228323
-21.452376,387,110.588729
-26.723274,225,110.745379
-33.94378,164,110.862549
-195.84003,206,111.004586
-164.608667,224,111.166742
4.335558,236,112.869985
-54.759712,304,113.133178
-226.143694,335,113.462929
-65.150687,283,113.702007
208.401292,901,116.57227
-182.485297,338,116.902809
-5.222659,161,117.018024
-205.419508,217,117.168017
93.075747,1000,118.294025
138.349323,1000,121.383597
-180.577639,223,121.553172
-42.134854,235,121.730823
-179.250984,247,121.934031
-35.359863,239,122.117089
-31.799588,219,122.279292
-34.040221,230,123.938907
26.598065,163,124.06158
158.122474,1000,125.105579
-178.948808,331,125.377449
80.254337,1000,128.348129
103.418827,1000,129.577328
157.638489,1000,132.445039
47.15177,1000,133.839907
92.997977,1000,137.036441
74.673078,1000,138.43695
-211.750522,227,138.616123
9.145296,172,138.74314
-4.08206,235,138.924598
-73.116182,257,140.7811
-98.847112,488,141.260996
-194.23675,273,141.480132
-258.206,240,141.656944
-216.720202,309,141.919221
51.062378,233,142.086727
-219.085858,257,142.289459
6.214913,225,143.913636
-218.597036,204,144.05096
-169.678542,274,144.26989
-210.146533,299,144.561111
-205.078981,312,144.85333
-28.160189,325,145.131395
-233.918042,219,145.302936
25.895019,230,146.934062
140.550332,1000,147.946391
-109.266771,492,148.525505
-235.588662,342,148.840049
215.84654,361,150.721311
-132.129702,269,150.958991
-77.846371,327,151.239325
-44.774094,174,151.368952
-154.350151,203,151.514656
-206.542084,166,151.625438
-43.330437,291,151.877841
-16.951609,186,152.008073
-175.101954,207,152.159517
167.967015,471,154.111016
-48.754745,263,154.312079
140.704701,1000,155.489069
-14.489452,238,155.676256
11.373133,240,157.319903
-188.635879,280,157.539984
-4.090921,228,157.706987
-196.211345,227,157.875266
-9.285021,282,158.104791
-54.306807,356,158.424259
-178.470687,271,158.642773
-12.082044,241,158.836024
-248.986183,359,160.737444
-11.858126,195,160.874441
-28.556262,170,160.992386
-178.453787,234,161.174404
7.893177,232,161.342955
229.060417,296,161.59927
-211.704056,400,162.017151
-210.935601,311,163.780276
-7.187547,250,163.984482
71.658191,1000,165.34505
-74.340409,233,165.544951
106.470337,1000,168.851622
-31.402143,237,169.027279
143.300254,1000,170.058232
-9.670561,234,170.234672
35.943939,1000,173.223494
-203.253804,296,173.498593
-47.350739,234,173.679375
139.348449,1000,176.610822
267.490244,416,176.96795
-59.9991,293,177.207988
-213.66073,281,177.450106
-80.564266,287,177.700948
-104.649696,431,179.676867
-151.909367,208,179.83533
-196.04238,289,180.079391
-198.574303,318,180.39048
-201.46921,234,180.581905
225.02108,717,181.590811
239.243936,543,183.678391
-237.734622,215,183.836399
1.00531,260,184.052284
245.673545,530,184.624568
-44.461763,251,184.837866
-73.766892,314,185.121279
-204.826464,329,186.917111
-201.530896,393,187.272976
-212.819827,353,187.584114
-213.862528,215,187.744964
206.810233,563,188.350177
11.898361,335,188.631278
-198.29263,297,190.339534
-193.404629,287,190.581475
219.422344,527,191.107827
-193.060842,235,191.300312
-160.51922,265,191.539673
-12.959077,243,191.73515
88.216146,1000,194.332813
-199.492004,268,194.53564
-19.610812,244,194.719644
-25.133763,242,194.909625
-185.309112,271,195.127385
-55.996063,303,196.864402
-9.290115,246,197.081825
215.182562,381,197.41686
-15.859265,177,197.549064
-194.02374,223,197.71625
116.228378,715,198.633563
-26.5993,1000,201.784645
-40.241647,1000,203.4846
186.642432,511,205.290943
-211.809087,415,205.710425
-281.740502,434,206.17338
233.669932,661,206.877238
-166.458865,289,207.138675
-19.661659,236,208.867076
-32.652007,264,209.079556
232.029528,373,209.437012
-19.014279,259,209.662932
-192.402806,240,209.836087
-4.542513,234,210.01179
-230.115921,340,210.320138
-172.595268,344,212.092643
-179.968747,299,212.345214
-90.030704,162,212.462737
-55.995708,227,212.660345
252.794169,529,213.246799
39.069933,195,213.388426
-61.989458,235,213.578948
44.223737,1000,216.19096
126.629479,1000,217.477788
7.919288,240,219.236083
80.429817,1000,220.332839
200.344195,400,220.799281
-185.903193,283,221.06148
-205.734443,270,221.285576
-239.178986,335,222.866955
-231.185047,320,223.181537
-248.747603,426,223.638887
239.458002,409,224.069079
241.843872,432,224.517389
205.50791,390,226.35551
128.206443,1000,227.605967
-35.450004,189,227.744711
256.029652,423,228.110831
87.31263,1000,230.889155
-186.368143,241,231.081866
190.818242,616,232.047276
12.486406,242,232.229275
129.840535,1000,235.178572
-33.022607,260,235.388057
-57.992593,309,235.660059
-20.20822,239,235.850054
-18.659457,286,236.079994
-184.981114,217,237.71873
240.132041,439,238.090924
-35.196846,292,238.335961
-7.020105,174,238.456903
-212.354388,317,238.734917
-191.342201,295,239.001293
210.291165,405,239.38558
-162.160232,317,241.263134
201.309347,696,242.1458
-56.646043,359,242.495899
154.480624,420,242.867061
8.362897,240,243.051091
-41.707074,238,244.898562
259.693626,640,245.747513
-162.091553,161,245.868546
-5.014316,176,245.992855
-191.998633,301,246.235628
179.103882,592,246.899617
221.462965,365,248.720025
-2.328582,224,248.894113
25.79057,252,249.092151
-44.352187,292,249.334998
-26.128607,320,249.62387
232.489387,353,249.939425
0.554222,230,250.118945
262.166155,300,251.880187
-13.578733,252,252.077723
-204.988238,281,252.317596
-22.590084,239,252.498149
-181.015408,304,252.759082
-28.341873,194,252.905944
-157.686693,235,253.079738
201.936896,350,254.912904
245.517872,317,255.214424
-177.138746,295,255.476601
204.745025,451,255.96334
-9.954857,287,256.200223
219.71131,764,258.490441
-199.961725,291,258.744909
-282.333733,457,259.261057
-27.973055,236,259.447622
-235.421516,265,259.668513
-182.009884,310,259.986983
-41.262401,246,260.215939
268.782528,389,262.081197
269.009601,326,262.376921
-146.977272,289,262.611585
-44.259563,231,262.789102
232.520729,393,263.136511
-66.485175,274,263.353561
207.835465,894,265.784666
284.559801,319,266.067003
-214.699374,323,266.37174
251.794765,406,266.763376
-36.167487,291,267.013396
128.531428,1000,269.533013
261.907729,325,269.793535
-161.79432,210,269.942403
11.254163,371,270.330921
-0.547779,224,272.065869
-9.81555,243,272.245994
-165.776073,215,272.412965
77.133626,1000,273.489969
-47.564547,284,273.718008
-153.410217,310,275.503672
-193.842398,325,275.827138
39.657784,189,275.961782
214.837848,542,276.553456
-72.218593,282,276.79779
-48.220615,256,277.029334
113.138325,1000,279.558383
169.546151,440,279.983147
243.969498,423,280.334231
14.495492,178,280.461889
-195.840976,338,280.767582
-165.927452,304,282.521962
139.895317,1000,283.562988
-10.357969,231,283.736007
-25.181545,249,283.932104
-259.563038,471,285.929886
134.769075,1000,287.16707
218.465333,473,287.660041
175.212666,638,289.923984
-144.201642,221,290.105987
209.738835,631,290.792809
185.944474,655,291.610621
108.118133,1000,294.349883
-5.827087,175,294.466948
211.443712,721,295.329884
11.880281,302,295.589794
-36.286374,238,297.254383
-43.509575,279,297.456844
273.028636,497,298.010006
101.235683,1000,299.501056
5.439594,236,299.701046
-185.953011,269,301.389795
197.006597,409,301.828119
13.838154,1000,303.048727
225.704708,733,305.565767
-9.495372,298,305.818607
-116.75188,209,305.965973
-208.715105,435,306.412073
-91.454665,398,306.770861
-52.598995,285,307.017959
207.718121,416,308.984803
-29.465671,304,309.241399
-218.73549,325,309.530273
-7.799082,317,309.81602
246.582726,499,310.38095
228.14559,444,312.40654
-192.127546,229,312.57441
276.068804,310,312.847169
16.655303,299,313.102449
193.527466,856,314.437645
227.177494,525,316.508509
-176.097363,296,316.760588
-195.830696,305,317.020545
-207.484343,354,317.368524
-25.620712,289,317.615568
-203.813846,266,317.831576
-72.762823,297,319.621044
8.264182,228,319.82412
232.104491,356,320.137049
-76.843081,366,320.512692
233.311067,444,320.955052
-33.973428,307,321.218925
-230.173813,426,323.175773
-212.592024,271,323.421667
-138.964017,297,323.732805
-165.536741,251,323.94424
240.974217,484,324.542978
-217.264629,281,324.771404
-60.454961,333,326.596177
39.123782,1000,328.383533
-268.962077,361,328.733546
-51.77929,369,329.095593
-27.775769,243,329.291553
-222.890559,345,331.079504
-0.937139,241,331.248508
-168.953808,294,331.496652
-208.49125,381,331.857621
-2.804779,239,332.048663
-209.509066,308,332.326566
-200.356742,287,334.101299
199.122663,515,334.749325
-238.695608,347,335.038242
262.274415,389,335.347047
-47.672937,376,335.717586
227.242906,493,337.649035
118.480556,1000,338.985126
257.214908,369,339.289203
-228.655018,282,339.526234
216.294332,445,341.494749
-208.821212,339,341.766305
287.525623,365,342.119367
-29.925194,238,342.300586
79.781353,1000,345.139687
-0.346759,243,345.331953
-183.05842,225,345.504038
-201.815509,244,345.686985
230.817422,618,346.311379
-183.785859,302,346.574942
-195.539987,287,346.841891
-42.805685,235,348.547964
210.556047,378,348.979914
-35.849601,337,349.280101
109.848454,1000,350.338979
-17.79472,304,352.116663
221.280269,513,352.754757
-184.933978,328,353.050852
-80.727903,337,353.355458
240.577426,474,353.901473
138.43923,1000,356.600553
208.561945,379,356.981553
-47.286922,374,357.32856
-259.477283,515,357.906114
113.211907,1000,361.271607
-64.520157,356,361.5826
-209.202386,258,361.793494
209.589966,479,362.238529
192.735967,533,364.43544
8.719147,316,364.754355
132.143171,1000,366.064951
247.650823,401,368.071942
-53.802857,315,368.361924
252.470139,417,368.790929
-200.149453,324,369.052929
176.427189,622,369.990921
174.517059,849,372.736842
-35.656903,372,373.103938
255.603754,517,373.625973
18.254882,246,373.807863
-28.340732,286,375.58161
-211.701216,378,375.968529
-264.760758,409,376.395481
-26.78122,242,376.589292
246.397886,925,377.984528
-24.9975,349,379.823414
5.679123,320,380.188441
245.82135,505,380.866167
158.565164,1000,383.643538
-188.03198,286,383.874646
-228.640144,342,384.177771
-55.839097,335,384.483574
186.084036,534,385.116808
245.011746,456,385.581575
205.629882,488,387.743645
-126.060359,267,387.974595
210.66941,446,388.475457
-226.482505,383,388.888482
161.454956,717,391.468474
-169.364693,302,391.74255
-245.163018,356,392.087538
173.176982,719,393.157776
-188.222953,304,393.38991
-180.184461,272,395.13755
-184.876918,316,395.43047
252.125151,439,395.89361
203.020447,497,396.443525
5.464853,235,396.626581
221.598672,471,398.651788
-220.026569,373,399.079204
248.683244,484,399.609987
203.762709,807,400.821864
-15.512976,266,401.04194
-48.317076,347,402.944995
-155.895032,745,404.080378
-187.3151,318,404.391371
264.138443,463,404.857273
9.904974,303,406.691489
9.406327,239,406.870345
-189.888591,316,407.158539
-158.083333,217,407.306145
217.327153,464,407.863514
-19.054501,362,408.197905
-16.043204,268,408.427945
-82.031603,516,410.559837
84.819316,1000,412.281013
186.464658,526,412.913009
24.676321,1000,415.839233
-11.838817,257,416.038316
-29.592516,245,416.228805
258.292728,412,416.565195
-270.265805,592,418.871016
236.505487,409,419.283281
202.077632,670,420.198944
116.150576,918,423.14449
-215.595568,413,423.583156
-52.349976,323,423.864908
-203.319563,339,424.138024
-185.767703,274,424.371065
159.05304,1000,426.92192
-200.987801,293,427.176588
296.839537,336,427.505484
-226.752479,314,427.807606
-199.075475,346,428.098491
4.997748,303,429.842034
-19.731553,301,430.094957
2.819371,244,430.289534
174.882277,481,430.794931
-199.546332,291,431.058547
-55.411198,478,431.626445
107.15065,1000,434.927238
113.359799,951,436.693954
-210.696953,466,438.725655
-81.705271,366,439.082456
144.415672,1000,440.075376
-21.562908,278,440.3216
-197.863411,303,442.093074
-210.427201,470,442.568816
148.935754,1000,443.607213
219.479308,431,444.085397
-105.58411,601,446.429011
220.218748,825,447.504969
280.785412,322,447.793378
131.954189,1000,450.691934
-86.195651,645,451.494896
-191.798387,370,451.837889
172.31927,406,453.724074
98.798001,1000,455.349828
45.837686,249,455.544037
25.397528,1000,458.636195
3.167415,274,458.872105
89.061075,1000,460.902636
21.745602,1000,463.906897
23.590777,230,464.091873
46.582502,1000,465.250225
-42.842561,1000,468.797535
202.127633,831,469.925163
105.923821,1000,473.018909
8.932801,254,473.220942
-195.98966,346,473.556939
-47.684439,338,473.864945
110.945578,1000,476.771457
-34.519698,317,477.074368
141.059269,1000,478.787249
-62.022211,287,479.034583
-36.764257,284,480.8843
41.694034,1000,482.619212
183.203593,456,483.096812
11.507185,1000,486.601405
-258.039863,946,488.005524
133.906829,1000,490.633351
-291.976823,762,491.553554
-173.107105,304,491.798324
101.116281,1000,495.284954
103.789814,1000,496.947899
-312.281508,698,499.271772
-103.465232,230,499.453314
-171.479857,324,499.762915
-165.563913,305,500.006938
-134.96059,297,500.251892
-14.461128,442,500.765133
-0.54647,260,500.97908
-164.593893,307,502.781342
-138.625526,339,503.073204
-197.701734,374,503.431047
-52.225179,1000,505.124243
14.841209,1000,508.258883
-174.056641,281,508.506936
-192.082212,320,508.787797
213.103827,892,511.458389
-162.205534,305,511.725381
-153.950886,216,511.887945
139.85481,1000,513.039871
-164.571845,340,514.883461
-20.431716,1000,516.456531
74.609047,1000,519.483552
-219.422037,277,519.726628
-120.027803,731,521.000905
126.945027,1000,523.758181
-36.252971,332,524.091024
-163.167341,1000,525.514742
224.349122,601,527.745961
-175.335797,276,527.965534
61.661715,1000,529.299993
-43.319694,353,529.627223
48.814359,1000,532.583203
-9.221764,1000,534.210274
-166.111463,998,537.662588
-232.902111,318,537.950572
266.183208,397,538.310587
-28.31739,246,538.510236
192.327343,803,541.173874
-18.812779,252,541.379324
181.275418,725,542.251898
242.407584,401,542.666878
95.826033,1000,545.531434
97.266335,1000,546.467016
267.836195,373,546.863751
4.400825,264,548.67636
-254.761644,599,549.38791
-51.773897,316,549.657222
169.006843,718,550.528952
-31.16214,327,552.311615
237.355681,538,553.010499
-226.525169,354,553.385223
225.318627,515,553.937231
-9.678148,363,554.247086
236.75695,376,556.07085
197.630662,506,556.596529
-35.60057,391,556.97851
-222.150285,369,557.348523
184.494715,369,557.667525
251.636535,327,559.564512
-1.086164,240,559.754634
-187.204398,257,559.991552
-92.668307,438,560.464595
6.356227,248,560.678484
245.955112,425,561.06655
187.363287,440,563.077246
-25.462115,301,563.362057
-163.341207,306,563.635998
-221.70497,401,564.062512
-178.978867,242,564.256963
239.452716,366,564.645425
-43.415989,317,564.932678
-64.923021,390,566.845985
-195.441888,349,567.162657
240.843903,748,568.415881
103.268305,1000,570.777808
32.476419,241,570.961886
-165.655421,243,571.152912
-183.102514,295,571.403841
-5.503301,256,571.60287
250.61639,423,572.028216
-28.236842,307,573.943517
252.396665,349,574.242814
-9.401496,251,574.439557
249.892402,403,574.857449
196.573135,505,575.419889
132.432898,1000,578.092503
-55.022574,301,578.365499
244.782026,386,578.80612
-182.458769,220,578.998591
-238.720994,468,579.551343
227.406923,466,581.514518
-160.912467,261,581.746896
287.325965,351,582.100676
287.691885,362,582.469669
249.72702,320,582.742511
-117.712435,248,582.950929
257.480055,358,584.858142
-203.742729,349,585.147366
-234.493656,322,585.447229
-159.302721,296,585.694227
268.67158,276,585.902513
-176.222605,288,586.139853
-146.419451,220,586.290296
203.869111,366,588.273538
240.38883,546,588.843846
-206.425341,241,589.035988
246.799625,380,589.362431
-2.060199,314,589.656291
-43.517911,275,591.351313
-176.535976,357,591.719104
184.059379,639,592.420269
-36.850745,260,592.635076
-126.447719,259,592.841841
-52.202542,299,593.103958
-170.235203,210,593.258855
-146.777122,207,594.955915
-13.61326,258,595.174829
161.418309,725,596.231857
267.140109,340,596.567919
247.091072,349,596.901842
-217.771384,354,598.709131
245.708715,410,599.114472
-197.328969,277,599.337875
-303.682261,664,600.410215
-182.00063,314,600.658998
-13.324938,310,602.448685
-25.921861,315,602.759925
44.870341,313,603.077953
-88.368619,525,603.808814
-162.234039,292,604.083347
-173.279986,318,604.391167
17.233476,251,606.180795
-53.287896,458,606.708967
-233.205988,372,607.07476
254.378399,389,607.446048
240.28378,354,607.761922
107.028218,1000,610.438905
210.976129,576,611.164713
19.436221,257,611.353864
-282.495194,687,613.90132
284.98283,303,614.182265
-37.384783,345,614.504069
5.4276,239,614.680806
-215.579684,362,615.051306
-32.648715,294,615.295376
272.446545,419,615.761455
277.291609,342,617.57177
-231.98418,391,617.961637
-36.587777,299,618.227334
-161.792305,218,618.385256
-46.686148,309,618.659563
-204.038383,312,618.925817
-19.771177,320,620.761767
221.707235,470,621.274741
193.524782,567,622.022171
-43.251169,405,622.421042
268.205552,374,622.836919
38.910262,1000,625.89733
200.44399,985,627.135959
-10.583018,303,628.918965
-202.461984,294,629.179032
-200.134638,229,629.344937
-51.660576,358,629.660052
23.232667,239,629.831865
-122.280241,222,630.005838
6.24944,312,630.284961
-198.809268,325,632.143432
124.181227,1000,633.392042
198.034436,625,634.217421
-36.019754,287,634.451431
-81.585316,512,636.694362
-175.221406,303,636.940714
268.026252,325,637.2413
-194.444819,309,637.511838
-224.554152,403,637.881838
48.102914,1000,641.091235
241.615602,415,641.604269
-176.087379,243,641.83151
-188.28627,324,642.127475
138.727322,420,644.194681
236.525931,416,644.632531
226.303264,344,644.919855
-164.431043,309,645.216855
75.86713,1000,648.291449
-170.73835,227,648.464984
-28.266514,252,648.664424
-13.881317,303,648.946755
-156.204736,207,649.102144
-203.624893,290,649.334203
29.256408,316,649.58853
-183.203181,268,649.817255
58.494192,1000,652.860857
-16.080323,231,653.039379
-51.96631,437,653.509465
4.884325,229,653.677394
12.265362,231,655.385372
-130.160634,219,655.549435
-221.828138,343,655.89552
190.80344,383,656.362347
14.546496,230,656.533661
27.687434,179,656.661433
233.744105,517,657.343573
141.894307,1000,660.069955
192.314482,438,660.548373
-153.14166,250,660.743853
-186.172441,290,660.979927
-20.556449,295,662.721319
41.250245,239,662.924816
132.733677,1000,664.297029
7.703845,259,664.489518
93.942511,1000,667.372246
258.244279,340,667.666014
-23.615401,248,667.909146
-49.051961,396,668.272814
42.636111,1000,671.493419
-204.611088,257,671.720811
-106.486159,576,672.46682
147.35442,1000,675.206677
278.585938,330,675.514337
-29.809885,343,675.805109
-71.823396,280,676.042248
12.18282,231,676.224616
147.553483,1000,678.912063
263.114136,358,679.277087
-80.729423,406,679.669286
-200.683958,296,679.918873
57.494151,1000,682.787022
-188.163463,309,683.065921
-195.028776,304,683.347752
-154.793886,258,683.583594
-15.771206,263,683.803272
-203.713118,345,684.158334
-34.836244,199,684.312923
-174.307506,220,686.001036
-14.950178,455,686.516394
166.513425,557,687.28247
-40.785538,264,687.49853
-139.512063,247,687.71435
-209.088924,351,689.639868
-169.589802,274,689.874906
-209.133433,285,690.124151
-62.977062,301,690.382182
-171.133774,271,690.603274
89.305891,1000,693.622779
-106.856124,220,693.802702
207.370294,571,694.421193
-167.847262,287,694.657264
243.506257,561,695.251884
-182.587324,295,697.015315
-155.922153,1000,698.693789
183.339959,611,699.357504
-153.872684,304,699.642551
-252.861423,488,701.724795
168.55385,615,702.579263
3.783264,243,702.766285
132.099783,1000,705.460382
-215.682823,369,705.768173
222.714311,481,706.263129
-15.776114,1000,707.862152
-283.240829,546,710.10984
-206.57536,301,710.383523
229.95447,463,710.877533
244.22077,441,711.32374
-158.071591,310,711.612339
-159.201323,234,713.308125
-197.475894,326,713.612959
-198.01738,281,713.832441
-154.446643,277,714.051708
-170.763048,232,714.219467
-26.794332,299,714.476042
178.534782,531,716.656878
-10.74708,241,716.846957
-24.879886,235,717.017887
-180.191908,321,717.296822
215.808964,430,717.720847
231.796407,374,718.076041
124.53696,1000,720.932057
-55.929229,277,721.161166
10.508811,312,721.46088
-51.514147,356,721.792616
90.363918,1000,724.499108
77.954023,1000,726.179639
184.862911,389,726.542796
-155.993809,231,728.229412
200.282442,605,728.986506
-180.523646,304,729.24026
214.414801,420,729.643585
129.14952,1000,732.196002
-21.516108,320,732.478449
262.932625,324,732.78763
226.668687,554,733.564479
229.441296,383,733.923396
-149.474361,282,735.662886
-6.586584,183,735.80699
80.892113,1000,736.935544
-139.821727,254,737.140967
205.452082,453,739.116838
131.698335,1000,740.182447
-165.119336,302,740.45868
251.950249,356,740.773775
-4.171792,267,741.016507
-186.228662,321,742.793784
-184.845492,225,742.962624
-41.462462,1000,744.916214
117.096084,1000,747.570935
-191.626642,324,747.862864
15.924488,309,748.161004
-170.455652,231,748.345067
263.217152,343,748.686042
-232.529414,335,749.009362
-82.390413,512,751.209489
-65.04223,397,751.664274
-221.261703,355,751.983661
-3.185797,244,752.167596
-51.554144,291,752.414487
-139.086555,1000,755.759252
-26.269775,263,755.982414
-214.664463,278,756.213495
-204.103756,232,756.407877
-10.272858,232,756.609672
-201.04748,214,756.778267
-5.436752,235,758.45709
209.228515,385,758.856665
-15.38044,292,759.092558
177.193469,619,759.798857
-8.517949,234,759.966826
-28.133555,311,760.274928
-238.528989,335,762.16038
49.760271,267,762.378797
-205.840627,216,762.540933
-195.312308,295,762.819878
-20.371303,238,763.019143
243.66379,402,763.401708
-190.891317,305,763.676002
-192.492652,251,765.41878
-198.206526,300,765.67794
-153.009646,259,765.895993
-172.024769,211,766.058244
268.425209,412,766.450321
197.15191,402,766.836393
181.617887,668,769.408502
-179.678995,339,769.696898
229.56838,415,770.088039
231.526702,431,770.57081
185.617076,461,771.14185
214.828668,402,773.125443
-27.75078,300,773.36542
-179.924335,287,773.60151
5.669576,234,773.791408
243.623073,333,774.067376
-25.790179,252,774.270988
-178.803194,267,774.479469
-229.21951,386,776.379789
-280.077926,549,777.106894
-47.109387,289,777.353282
225.833341,414,777.769069
-295.960934,539,779.98633
-40.687219,393,780.385995
-3.387463,244,780.590111
222.107749,427,780.965977
269.317087,324,781.269946
-14.770295,243,781.476094
-43.862108,233,781.657308
-213.569718,341,783.561289
250.874545,489,784.054793
23.169594,303,784.292819
69.16112,1000,787.362389
-13.644315,260,787.580808
24.775285,297,787.850657
-166.258656,312,788.107375
-182.221271,290,788.355479
-134.75514,268,788.56628
-26.873673,251,788.777428
-212.019492,271,789.00256
6.59289,238,790.734375
108.725516,1000,792.045448
-178.388941,216,792.218436
40.13754,240,792.421378
-183.465259,274,792.643221
105.207516,1000,795.421348
-236.356154,371,795.761354
-205.877613,291,796.014543
-172.498553,290,796.26154
-37.316676,303,798.020341
255.608363,360,798.388821
-27.199258,247,798.581034
-199.064613,301,798.831972
264.55286,350,799.153777
240.857696,502,799.650118
184.026931,332,801.513363
244.464624,391,801.920263
-187.099237,299,802.196564
-23.232054,328,802.456866
248.415479,404,802.906701
283.098354,340,803.210866
235.053539,358,805.160477
236.25392,584,805.939267
-196.751222,286,806.187712
239.024429,458,806.657549
249.334094,407,807.052275
-187.88241,290,808.862901
100.063224,1000,810.19283
237.124801,417,810.651842
-227.427891,443,811.150996
-168.08581,308,812.927245
247.239499,396,813.30899
-140.994813,1000,815.023163
209.030475,533,817.254537
-9.830373,234,817.448447
22.773489,256,817.655334
-20.219954,234,817.830447
-183.71608,363,818.205234
-189.416646,167,818.328294
-67.677561,313,818.616859
-242.849577,440,820.795437
-45.26093,300,821.047469
-80.363601,422,821.510327
262.06064,281,821.746886
-23.334484,258,821.962901
110.269693,1000,825.233455
-169.402025,305,825.513763
-156.327016,332,825.833676
-178.751837,232,826.027622
241.384437,368,826.393372
0.336576,1000,829.266874
121.488017,1000,830.44795
-180.358172,230,830.615806
-177.547783,299,830.870812
-64.331459,355,832.707916
-226.739845,363,833.060525
-62.517276,308,833.33098
-142.68787,229,833.502104
-48.845409,287,833.728185
-201.1346,315,833.991172
263.894165,417,836.02197
-6.72749,254,836.260862
-44.462725,309,836.543464
279.415002,442,837.039256
-26.561908,270,837.275433
-163.022208,268,837.508809
-47.13516,277,837.744296
-207.379815,384,839.583826
232.330025,445,840.078857
-234.349189,251,840.29392
-187.018769,264,840.498232
-185.684412,359,840.859031
102.857387,1000,843.935812
-21.666036,234,844.128973
-151.732364,333,844.44902
247.29502,672,845.284627
-141.671213,216,846.983953
-18.672015,246,847.184955
-216.062648,398,847.572074
210.826596,441,848.03692
-44.686456,244,848.22492
-50.667237,419,848.654779
213.349097,507,850.824822
243.86787,296,851.120725
49.42145,251,851.325839
-16.458938,176,851.45786
219.731948,428,851.87114
-8.017605,259,852.1052
216.227128,476,854.05424
-152.524552,218,854.234931
-163.743319,288,854.492724
245.963766,361,854.84689
-181.575408,343,855.198886
107.293338,1000,857.846287
-167.370331,261,858.054741
-8.886918,245,858.242997
-17.167342,270,858.473717
202.305922,587,859.263176
-181.625358,214,859.430714
175.419753,657,861.937243
-12.709849,240,862.134327
-195.948869,305,862.417587
-63.859394,290,862.658772
-10.828803,254,862.885168
-43.869827,201,863.043823
-197.106462,297,863.298831
-303.915424,744,866.065891
243.770285,734,866.75322
-27.409939,249,866.946676
-210.175477,294,867.19563
-27.419728,285,868.947859
-48.289187,304,869.195936
215.367883,375,869.56587
23.093642,194,869.713845
-17.122754,298,869.964891
-244.090392,295,870.200825
184.520906,503,872.289055
-74.162138,372,872.663359
-0.920484,201,872.824012
42.005246,1000,874.174845
-152.837992,215,874.34686
232.693219,331,876.167964
-167.993213,1000,877.878889
-158.82298,280,878.146533
122.132918,1000,880.832254
124.450303,1000,881.915518
-1.760796,322,882.211305
-35.744039,225,882.380518
224.888903,447,884.490196
-84.156215,313,884.803442
-213.171958,387,885.170209
128.8786,1000,888.146973
-53.803318,375,888.56192
-198.915011,367,888.876771
-104.692292,526,889.503054
-24.441052,258,889.697935
-238.26795,311,889.958856
-238.708067,356,891.817885
-2.217567,253,892.032133
-211.750005,306,892.32714
-6.591289,293,892.577511
176.270825,535,893.181949
134.84534,1000,895.680633
274.462838,326,895.9615
-71.583712,293,896.212458
-178.902085,286,896.442568
-31.749078,238,896.625333
197.905748,559,898.861004
-11.949693,189,899.000849
257.890549,845,899.9715
40.52338,1000,903.34218
-221.383957,326,903.642145
44.946929,259,903.859165
-47.639684,282,904.091217
-182.98292,285,904.321193
242.426116,728,906.649756
209.385773,809,907.72879
-154.79202,224,907.901027
16.188289,183,908.054243
220.007489,336,908.354984
4.636154,241,908.546259
-20.620398,182,908.680872
257.926681,448,910.591913
203.89927,419,910.944883
207.480276,495,911.507007
-190.203872,350,911.818842
-36.063469,237,911.984721
0.756513,1000,912.962318
19.190924,240,913.125882
-149.821674,241,913.306922
-167.204554,1000,914.999852
232.28288,331,915.247928
-136.099154,749,916.414783
200.013112,442,916.842811
107.26518,1000,917.80278
1.766899,185,917.911121
-181.318635,225,918.048754
-173.34815,1000,919.898422
130.629434,880,921.358503
-179.514458,312,921.573898
-75.35144,246,921.745346
-164.955436,297,921.95246
-218.092033,334,922.221291
217.885142,311,922.477646
-15.176934,261,922.657165
-160.960105,223,922.809644
-10.305005,243,922.965921
