#{"t_start": 1646496003.4753594, "env_id": "LunarLander-v2"}
r,l,t
-284.464137,81,0.140622
-456.557953,97,0.237363
-449.445091,119,0.37321
-263.311917,88,0.452992
-552.985522,119,0.564202
-231.293063,125,0.685877
-413.96943,127,0.803562
-594.49211,176,0.968122
-670.777239,123,1.083578
-484.463452,84,1.164798
-322.983951,152,1.307517
-474.148241,88,1.389299
-379.198086,170,1.554018
-290.636388,133,1.679113
-494.766923,138,1.808725
-456.589681,193,1.998686
-295.112723,87,2.084648
-485.622604,125,2.199631
-181.90241,202,2.408586
-400.045517,216,2.633715
-118.869138,175,2.803868
-128.516011,210,3.015629
-279.339686,158,3.178742
-289.015824,132,3.31267
-366.451571,187,3.50676
-85.297196,161,3.675358
-402.810008,205,3.888785
-262.496282,176,4.073261
-318.067567,248,4.39391
200.87523,520,5.003281
-271.940363,219,5.233665
-57.285905,189,5.427179
-180.948151,135,5.560821
-80.713653,89,5.646699
-209.637207,212,5.867592
-30.366819,222,6.101017
-44.143379,300,6.481811
-65.576647,228,6.739153
-159.497696,164,6.918642
-195.181903,156,7.084203
-188.184236,154,7.234801
-206.052037,213,7.458288
-231.996432,226,7.704046
-249.720262,388,8.224829
-6.524684,172,8.408337
-231.79068,306,8.743443
-52.893045,216,8.96884
-48.302183,159,9.135394
-257.882222,311,9.507398
-3.812172,164,9.679937
19.254591,166,9.851476
-10.83342,301,10.191635
-176.24763,160,10.358189
-44.938304,179,10.547683
-16.01497,282,10.870971
14.286195,201,11.083564
-179.778969,151,11.234161
-145.716707,538,11.969619
-18.885684,246,12.238608
-152.935159,249,12.529526
236.460185,550,13.375006
209.277833,502,14.149148
-98.253856,269,14.442613
-155.991072,319,14.809984
205.007535,626,15.787699
-236.221548,286,16.098646
-161.500659,189,16.292042
-29.033168,290,16.611268
-102.86705,349,17.035995
-76.715786,247,17.305108
-200.098785,273,17.615633
-216.316929,383,18.114755
-59.013702,180,18.298662
-175.153356,224,18.547313
240.694567,974,19.928228
-198.999834,211,20.143652
-206.554971,294,20.481126
186.569601,684,21.574659
-72.52251,199,21.789455
-46.14183,314,22.163468
-95.915885,306,22.541457
30.440128,191,22.7499
-85.435468,408,23.309602
-228.82679,273,23.600702
-243.690254,259,23.88698
-242.26821,408,24.425749
-18.461193,255,24.697721
-202.548679,319,25.071732
189.093426,626,25.908793
-35.361894,347,26.35158
-247.254152,242,26.614372
-208.607374,267,26.91791
-254.927602,288,27.251019
-9.94417,231,27.489417
4.151501,356,27.903024
-84.817953,156,28.0616
89.773902,1000,29.942585
-212.594708,274,30.250329
-68.273783,295,30.606448
-212.154201,298,30.953629
-96.219332,166,31.123181
3.282287,217,31.35861
-196.300047,240,31.619684
-138.872445,318,31.97358
-84.692881,319,32.32454
-248.03107,348,32.741948
-20.145329,285,33.060416
-136.851405,206,33.270998
166.18383,637,34.249672
-111.455545,459,34.848075
-70.741425,192,35.061536
-176.087557,177,35.245046
-89.270649,195,35.447211
-111.560109,179,35.63468
-126.377073,267,35.912552
16.591589,298,36.230701
1.540005,248,36.491642
-16.266748,183,36.686608
-110.824466,107,36.788584
-11.582274,332,37.16448
-184.580463,208,37.375016
-115.771953,166,37.54262
-25.919035,101,37.64606
58.692241,238,37.899001
-111.84121,96,37.989758
200.041285,491,38.625228
-37.576326,215,38.861806
2.972007,156,39.023157
-199.713499,270,39.321398
-186.141684,210,39.545642
-251.66354,315,39.92169
-40.07594,276,40.238545
-68.384074,326,40.634669
-156.617609,227,40.867237
-72.832124,323,41.241259
-215.77204,292,41.567387
-96.103895,433,42.128709
-39.779491,190,42.331887
-206.306503,218,42.566661
-113.931379,322,42.972688
-49.192007,285,43.284665
-210.709787,339,43.690026
240.387999,461,44.267606
-190.9411,289,44.581493
-249.920481,215,44.809889
-243.560273,381,45.289684
-202.507288,160,45.450637
202.917793,609,46.313381
-19.459651,198,46.533815
11.956668,183,46.766282
19.245359,167,46.952469
-45.491564,169,47.130268
-228.08944,232,47.385664
239.890513,391,47.8419
-213.051785,323,48.224565
-200.967905,299,48.573138
233.291003,555,49.398377
-204.866405,204,49.611807
-168.267741,160,49.7754
-24.15475,278,50.085792
23.965541,207,50.305206
-28.106514,205,50.532629
-164.039295,178,50.721829
-181.752904,254,51.018288
-43.488763,312,51.381317
-90.933372,235,51.626662
-176.831083,233,51.887963
-44.147357,293,52.202128
-224.640269,420,52.77464
-225.018136,239,53.044997
-20.159961,182,53.228046
-194.770688,280,53.546044
214.157085,473,54.161561
-28.49005,121,54.28523
3.771056,186,54.475721
181.654762,654,55.572762
234.852714,518,56.253648
-206.475209,283,56.572454
3.897727,169,56.753268
-201.19222,166,56.937774
-157.489157,208,57.170784
-23.61841,222,57.412716
35.424614,163,57.582571
-11.937253,216,57.807358
2.532548,173,57.994829
-26.966002,283,58.322617
-75.221732,335,58.725173
-9.247175,424,59.325499
54.530416,181,59.511003
-144.282508,136,59.647636
-162.62663,150,59.802705
-158.004961,128,59.928676
23.036209,216,60.159261
-19.599133,155,60.322225
4.460922,220,60.55257
-115.649029,154,60.708393
293.513943,359,61.150218
-144.732231,271,61.472642
-160.263038,254,61.744765
35.343167,159,61.91084
-222.819838,283,62.253619
39.700159,177,62.439612
257.651792,450,62.994154
-131.014382,147,63.151571
-55.257461,294,63.472776
-6.120169,305,63.81575
21.37582,369,64.259563
-39.721269,266,64.55381
-105.228321,319,64.923608
-175.357497,142,65.06461
-11.904498,270,65.363262
285.268912,269,65.687357
-57.34841,274,65.995481
21.187627,231,66.247878
-157.03061,211,66.473725
-163.33054,156,66.641999
33.536056,118,66.765062
-85.398058,189,66.972113
65.067441,301,67.330204
-91.614293,265,67.61987
269.107287,329,68.000936
286.540316,308,68.358603
-4.382233,153,68.514615
-210.143018,251,68.793713
-5.533137,280,69.100017
35.6684,195,69.303793
11.693119,270,69.604022
-170.257711,153,69.760601
-4.998806,321,70.15325
252.277303,334,70.558191
-191.688695,246,70.827617
230.122534,505,71.598594
210.209583,539,72.416578
-162.056964,205,72.630597
10.326345,223,72.872595
-222.884198,262,73.157894
245.010478,353,73.575634
206.562736,367,74.066889
-41.111056,271,74.375134
213.171529,507,75.062279
-73.85805,258,75.335546
-65.143105,158,75.503071
-221.12355,394,75.982818
-224.05235,430,76.53951
-43.594853,275,76.857726
-189.94808,211,77.077565
240.505822,409,77.623601
-39.471008,221,77.86737
-192.912518,322,78.257328
227.019321,444,78.826897
229.947319,393,79.312245
-1.861156,248,79.587509
248.174554,361,80.011376
-23.366017,291,80.328634
-16.256189,359,80.7751
212.772116,418,81.315123
-266.456733,189,81.520679
-191.482974,216,81.752653
-190.004256,396,82.249892
-38.016926,429,82.885778
-88.961605,268,83.20007
-30.957572,266,83.504069
-79.690819,345,83.928929
-52.384939,232,84.173902
225.726957,447,84.765109
249.166561,431,85.317063
-115.629129,204,85.535659
282.319521,295,85.897646
-17.331108,107,86.002666
-16.340049,97,86.100832
-166.535769,133,86.235763
-49.942133,89,86.323859
-14.618597,106,86.432258
-43.721673,288,86.781509
56.208626,173,86.958477
22.945633,230,87.214906
-38.346333,235,87.464122
15.440415,151,87.616792
6.120678,194,87.817853
-31.200937,162,87.980643
-150.423953,187,88.180764
292.681556,256,88.45265
-132.300789,137,88.592681
-1.092484,189,88.783636
-267.149596,100,88.879636
-19.83778,155,89.034038
208.887759,370,89.463674
-36.052076,214,89.687152
-38.312654,93,89.779948
-28.248589,225,90.023675
-49.252878,191,90.221079
-200.301313,131,90.354902
-28.545487,163,90.519619
-116.975015,88,90.606611
-236.878333,71,90.720307
-41.037425,177,91.004551
249.08516,316,91.414504
-104.036105,227,91.652868
-41.961179,111,91.762585
-320.014449,102,91.861278
-154.514481,165,92.03282
-122.442453,290,92.364831
-71.778567,205,92.570281
181.634121,288,92.891422
-204.960922,83,92.9742
-53.963423,106,93.080949
209.185686,395,93.567645
-57.650809,253,93.843609
-193.084952,82,93.923149
216.200523,278,94.225542
-202.091181,90,94.310467
203.049565,234,94.566782
-23.798102,169,94.743363
-156.643485,75,94.81916
-34.224845,220,95.055528
-29.672237,141,95.201138
6.111893,147,95.349741
41.969332,90,95.439501
-130.463629,146,95.590098
-12.086022,88,95.681892
47.248245,192,95.873613
-257.15252,84,95.956602
25.219213,248,96.218579
-34.518758,163,96.377603
8.390392,221,96.606576
41.802433,116,96.726539
-179.19969,196,96.93005
55.351033,198,97.135648
-31.492263,167,97.312409
20.143784,255,97.59978
-15.768676,148,97.749917
258.37972,308,98.098659
49.30183,144,98.248629
244.384132,405,98.753599
-166.666947,78,98.833726
39.844844,204,99.043242
10.900535,203,99.258809
-30.050582,142,99.403837
7.828311,153,99.559587
240.547352,363,100.021931
-21.482198,294,100.357655
-4.404142,159,100.517875
4.290762,218,100.750867
26.754201,207,100.959882
246.825863,429,101.531663
-5.500963,255,101.802968
-4.693061,182,101.987632
-25.674184,161,102.15573
28.820698,253,102.477516
-30.766617,159,102.639601
-198.011194,224,102.896539
-24.916219,226,103.136898
3.154016,187,103.330373
-35.859114,256,103.623596
221.5077,319,104.016829
39.367863,203,104.234671
36.947433,238,104.483629
256.360337,485,105.018636
-22.302812,235,105.260783
-126.1329,127,105.383611
-44.09626,260,105.65147
198.442358,519,106.3642
10.644873,172,106.533837
11.900736,188,106.728397
-25.467757,171,106.909884
-96.463911,132,107.043591
259.459885,336,107.434637
267.05547,272,107.757832
-167.342673,140,107.90042
-17.024845,291,108.23603
-35.095145,105,108.337758
298.36457,244,108.60671
-175.664583,136,108.74667
-170.984372,139,108.888155
-8.534053,251,109.161112
-181.420424,127,109.287775
78.291523,163,109.454479
-3.060426,237,109.694601
-50.510012,113,109.806009
14.192999,178,109.98862
-6.528893,209,110.206821
225.290371,293,110.525642
-50.208909,155,110.683862
253.968437,234,110.942039
268.372446,246,111.209549
266.100437,274,111.494583
6.990205,268,111.793623
-28.257244,246,112.043794
218.347669,392,112.550853
24.872664,192,112.749258
5.583927,198,112.956712
248.691356,311,113.324746
249.336742,274,113.608994
30.530201,179,113.796791
-48.755507,110,113.909496
47.405411,199,114.123886
-33.951222,111,114.257538
-156.261495,157,114.434719
-13.83601,175,114.615788
284.770278,460,115.177242
68.194541,219,115.401642
-1.713932,285,115.741631
6.976064,300,116.076702
-20.688688,239,116.333016
16.930162,214,116.560408
-7.624232,174,116.743917
72.382619,153,116.894549
0.197877,192,117.088924
-46.265455,221,117.315356
1.697126,155,117.469677
8.576387,161,117.631664
239.90497,309,118.008931
6.137519,152,118.166504
7.560735,157,118.33207
265.690895,308,118.68021
19.81047,210,118.913168
-27.653256,263,119.197685
12.670605,215,119.430277
10.052134,235,119.672857
209.171281,326,120.06089
20.638078,162,120.216511
46.612991,146,120.365113
43.826695,157,120.523726
31.155598,172,120.695307
53.344122,184,120.904622
241.582033,353,121.359405
34.401308,189,121.560867
-48.428939,115,121.676751
26.290081,261,121.954049
20.153948,272,122.25022
22.132833,247,122.514513
37.060916,271,122.819548
25.280019,279,123.124668
40.619973,218,123.357594
43.720103,300,123.689281
31.19989,273,123.989882
43.440977,237,124.238838
-0.996726,300,124.585418
25.523316,187,124.781894
42.20216,213,125.002184
37.964192,125,125.127851
34.082133,270,125.413904
-6.479136,229,125.650932
-21.257854,203,125.862611
43.525903,168,126.030981
39.382234,165,126.199387
6.061514,179,126.386427
54.454579,176,126.56495
62.163564,189,126.765685
28.468075,248,127.054666
63.419834,301,127.384006
-30.216001,212,127.612411
49.735852,226,127.849855
21.348512,256,128.137153
30.472602,271,128.427411
-27.500987,246,128.700724
10.41256,167,128.87269
68.392814,167,129.048089
18.265175,257,129.328882
31.333249,186,129.517793
-25.548445,274,129.84221
49.951699,170,130.015677
-12.155182,241,130.281
-6.92858,253,130.557284
-15.302503,222,130.796462
45.467468,167,130.970579
35.818136,164,131.136603
-18.83628,282,131.439581
-20.170158,254,131.703035
-23.003106,236,131.954078
30.68611,155,132.107667
41.146432,137,132.243312
37.4323,173,132.42083
-32.568663,300,132.751611
-66.038569,209,132.964297
42.700648,94,133.056358
-37.768955,166,133.219376
54.94248,179,133.408765
-20.89485,174,133.584634
54.922406,177,133.770138
54.584314,211,133.986648
24.665224,293,134.307048
-31.725573,217,134.536645
-7.850986,176,134.715687
-63.910693,159,134.884821
-47.099336,169,135.056935
-68.394811,162,135.215218
-23.862616,151,135.363396
-40.477379,154,135.516252
-56.502124,115,135.625959
23.204083,157,135.780643
-68.115356,144,135.919612
21.215125,145,136.060622
-79.708032,110,136.164891
14.363942,110,136.266923
-35.366124,88,136.355982
-51.744558,115,136.466998
-13.158832,113,136.576047
19.289181,99,136.673095
-75.441368,132,136.798772
-83.673472,109,136.902502
-95.770847,116,137.009215
-65.001114,133,137.133877
-79.639751,111,137.240591
-15.009856,164,137.404383
-86.856118,107,137.505418
-87.290225,118,137.616442
-76.174611,155,137.770303
-76.479426,119,137.893006
-52.90867,90,137.978747
-10.231488,128,138.10458
-107.498641,145,138.257421
-66.567549,208,138.480618
-148.903673,245,138.744754
-170.737708,248,139.027618
-164.366026,193,139.223954
-85.807538,150,139.374552
-191.353647,226,139.605376
-98.352532,246,139.859376
-58.269983,190,140.054923
-133.412103,217,140.278326
-108.752366,299,140.625596
-107.815741,378,141.06283
-131.087174,463,141.661199
-124.458725,725,142.826944
-43.406579,1000,144.629793
-417.639,1000,146.731667
154.395637,975,148.635047
112.575319,868,149.803632
-261.510335,864,151.139155
-121.914512,1000,153.198623
-72.563212,1000,155.274806
-98.607327,1000,156.778711
-63.569992,1000,159.208146
-61.054836,1000,161.16951
-94.579567,1000,162.541909
-46.017853,1000,164.418585
-107.086339,1000,166.200062
-118.376782,1000,168.068519
-116.599509,1000,169.753065
-50.746326,1000,171.509972
-50.137335,1000,172.905775
-104.617228,1000,174.410131
-93.882477,1000,176.345758
-131.603249,1000,178.132702
154.912078,542,178.858265
-147.904921,1000,181.136765
-155.618999,1000,183.271067
231.513673,433,183.876689
223.870749,572,184.733605
252.617719,523,185.507623
113.361762,970,187.240513
-86.237463,542,188.07199
-138.884415,1000,189.80766
191.403557,577,190.560399
-80.168459,1000,192.25901
-166.77093,1000,193.938595
258.199433,400,194.404265
-144.322352,1000,196.4825
-98.348594,1000,198.104334
256.821281,439,198.661027
-138.953276,1000,200.832779
146.099355,654,201.811687
-173.908157,1000,203.492762
164.458081,616,204.320637
196.977737,625,205.276712
-93.745107,1000,207.157001
-50.122013,475,207.740635
-155.463866,1000,209.766659
-90.786161,521,210.59951
-170.333175,1000,212.781707
-75.132616,1000,214.705971
-80.445962,429,215.271597
-17.4023,249,215.578656
-143.104051,1000,217.437133
260.089455,354,217.878306
-11.61211,372,218.362961
155.219871,424,218.956578
-43.170993,330,219.363192
237.71695,354,219.787953
260.260601,386,220.264563
223.165604,478,220.928046
151.587392,728,222.184653
248.475192,449,222.793818
116.14063,700,224.089047
-52.48702,160,224.246645
-2.23747,259,224.539436
-8.126757,221,224.772812
22.525855,168,224.941361
28.064574,257,225.232285
134.98742,657,226.21659
52.419251,216,226.443948
-146.47019,157,226.603523
175.68183,482,227.283391
-10.210646,247,227.534985
252.731132,299,227.86246
-184.028585,151,228.007523
236.375138,497,228.56304
-22.625239,187,228.761507
-135.398598,140,228.901192
54.247175,155,229.056881
-5.298502,203,229.272376
57.627059,169,229.442982
-8.295185,164,229.610566
-30.961185,139,229.754182
197.115839,605,230.626681
111.929864,601,231.468268
23.580794,189,231.66043
-21.505782,183,231.84893
-14.666234,101,231.950659
-23.675062,273,232.259938
42.395541,223,232.49858
248.929976,393,232.968589
234.987832,322,233.352644
209.195604,384,233.818591
195.453245,304,234.173619
1.448705,197,234.387684
236.36762,354,234.839667
168.117962,535,235.655365
273.879996,263,235.935973
-369.17687,166,236.104813
-58.552306,97,236.199568
4.582032,262,236.478549
271.41587,264,236.769518
174.340923,483,237.45701
34.927841,146,237.601624
209.832872,506,238.410635
167.456326,631,239.354413
223.848338,390,239.848139
300.444403,205,240.073662
168.788565,692,241.249032
-44.988022,154,241.403878
209.129731,309,241.76964
206.031035,317,242.13182
-160.414589,148,242.280631
287.214752,318,242.636553
-11.716816,355,243.042623
235.32687,372,243.498111
-24.763389,286,243.824613
-59.802314,387,244.300606
42.121829,200,244.515631
57.595837,120,244.633616
220.789094,444,245.244086
-37.620795,416,245.807596
167.127797,552,246.676584
40.02635,162,246.847637
232.182248,386,247.334145
199.938343,641,248.379658
53.516977,184,248.569204
277.600681,357,249.000938
85.211989,178,249.187567
313.683802,250,249.446717
-1.600709,395,249.965635
-40.904802,1000,252.268776
271.604238,318,252.628098
-79.227091,1000,254.333135
228.201624,503,255.073147
207.518847,482,255.76471
80.772833,131,255.895361
232.866696,417,256.495831
223.28134,385,256.980545
272.464549,333,257.403414
50.329282,128,257.530849
37.641677,131,257.668203
23.325267,96,257.767033
215.191059,331,258.175832
263.088159,325,258.584596
288.990658,270,258.902225
30.647873,237,259.154223
56.451793,170,259.332748
20.553203,285,259.651817
19.370822,227,259.899284
37.341011,175,260.076507
57.691875,140,260.21818
43.092235,92,260.307998
33.002782,274,260.618026
251.330836,306,260.972887
86.098375,174,261.148966
49.573324,128,261.276628
239.568109,387,261.789637
307.345374,234,262.046579
301.795859,316,262.405385
230.296674,342,262.813525
236.668913,366,263.257938
221.80905,394,263.752806
75.489039,115,263.875119
42.407951,266,264.178733
27.899711,128,264.306619
32.788467,298,264.634224
30.925731,163,264.795797
23.241782,306,265.150942
30.172305,191,265.366207
27.884599,244,265.631514
49.26045,232,265.89501
65.832484,182,266.081642
33.565794,204,266.305542
275.568059,332,266.673119
33.961158,223,266.915797
11.245711,108,267.025503
39.024747,188,267.22098
54.505768,222,267.46034
24.712075,199,267.664793
25.790477,259,267.944684
5.151551,238,268.189842
68.121993,168,268.360456
-1.843132,262,268.647131
34.798153,183,268.839058
22.856817,250,269.101362
43.927646,191,269.302838
236.941148,299,269.642914
-21.505434,190,269.843035
23.850704,189,270.045027
-53.264622,251,270.319584
29.850342,198,270.536141
-3.556853,200,270.747553
-17.613059,238,271.020856
24.846337,254,271.292616
37.17025,214,271.527259
48.888731,181,271.712414
-2.883267,246,271.972554
-1.607136,291,272.302923
39.098957,266,272.595223
236.924493,440,273.128892
220.543007,436,273.682413
13.431347,215,273.97264
-32.906999,313,274.341505
-53.977131,340,274.771655
241.234669,469,275.448618
203.879681,448,275.990005
-77.026877,368,276.455616
-9.774566,1000,278.844382
-320.880084,1000,280.630066
220.101362,494,281.330195
254.735518,388,281.779
11.768877,304,282.129073
278.103857,285,282.43326
12.161217,263,282.71864
248.42237,331,283.097604
233.925234,337,283.507801
-18.405739,265,283.792177
280.931178,397,284.291889
-41.870336,239,284.571141
-22.229935,208,284.790998
250.54763,346,285.172754
-60.069448,182,285.364337
243.533893,306,285.723624
167.786942,425,286.277551
-28.054114,235,286.544839
-13.923618,214,286.767866
8.745312,265,287.068063
214.520705,358,287.495919
-63.333399,248,287.772181
-21.535139,238,288.025503
-5.446967,241,288.281849
220.277439,411,288.792743
-40.090888,252,289.062651
-33.330215,273,289.390725
208.608862,437,289.936972
163.301551,757,291.155044
184.633293,590,292.047226
228.699861,513,292.711692
131.950781,751,293.904294
-102.265146,500,294.631653
222.367849,405,295.164
228.010151,348,295.586003
40.243307,223,295.819894
241.837783,342,296.207083
27.998237,291,296.51637
-9.368531,302,296.870509
230.082073,492,297.584898
-5.060675,208,297.802585
4.324202,243,298.070591
-128.569456,387,298.585196
-17.477755,296,298.933826
-4.50918,205,299.150248
44.610225,272,299.455431
-8.174422,355,299.865895
-18.235508,220,300.097569
-31.69926,404,300.645222
-49.088538,294,300.973658
201.614854,385,301.437507
-60.642199,354,301.848224
27.482367,254,302.12259
-14.984127,224,302.367612
-83.807051,225,302.604614
-25.125539,254,302.894571
-59.40952,211,303.130584
18.815238,318,303.506456
252.018341,405,303.998141
191.262259,674,305.133622
118.772211,740,306.255958
176.662001,544,307.16198
-33.269521,247,307.423607
198.408956,611,308.206603
137.561243,829,309.972434
-105.075242,1000,312.287667
-28.413936,401,312.757718
148.330898,803,314.278847
-129.138938,1000,315.920219
-11.447878,407,316.411869
-49.412906,282,316.743066
-50.658568,323,317.140008
131.564825,524,317.804666
-89.633044,340,318.227288
-36.947783,354,318.678614
-0.576651,292,319.014617
10.188702,304,319.355969
-9.948708,317,319.723814
-76.344758,374,320.200557
-30.654739,317,320.554099
229.840311,395,321.007571
-89.921462,348,321.385323
205.98599,424,321.905423
-72.222459,338,322.307189
21.574947,276,322.607765
-48.114732,255,322.894143
234.220501,361,323.322697
-10.911138,357,323.759676
-66.820906,300,324.105576
221.980024,387,324.550597
-81.904917,436,325.075422
-36.646637,358,325.511799
-81.007254,313,325.874812
-60.047731,338,326.271387
-92.433787,312,326.628614
-115.430344,1000,328.117946
-37.960227,423,328.65759
-140.338179,696,329.914707
-82.997703,1000,332.222788
-95.770479,360,332.667778
-96.511555,335,333.127518
-48.313646,219,333.359444
-119.49543,745,334.37054
-133.777147,904,335.758599
-143.589577,500,336.416128
-44.726366,315,336.757627
-23.372528,198,336.967664
-25.593789,161,337.128234
46.886675,205,337.3411
-18.872016,181,337.524724
-5.309068,264,337.805628
30.605621,207,338.078031
167.723236,375,338.591689
-27.19538,185,338.787473
176.08735,334,339.208015
-42.283659,179,339.392106
-73.460878,146,339.539194
-56.742148,243,339.802553
2.115512,226,340.049399
-35.906844,188,340.249189
24.493859,263,340.535572
1.359441,269,340.849546
-63.250251,217,341.081737
-71.706205,364,341.541746
28.129033,325,341.922596
-74.638872,331,342.340867
204.874527,504,342.976599
-48.450695,207,343.195314
162.819592,608,344.104473
-147.955067,757,345.419889
-55.024299,731,346.775351
-126.115325,1000,348.705607
-10.8547,276,349.004699
-44.174975,356,349.438631
-49.155398,254,349.768483
-37.408366,295,350.124563
-56.35194,588,350.961628
-54.521878,386,351.464729
-43.53088,449,352.066907
-27.910275,364,352.507685
-89.933345,283,352.814149
-69.728022,246,353.072489
5.408636,291,353.404642
-40.579295,275,353.715997
-74.204052,226,353.952655
-98.292297,322,354.336897
-2.106584,293,354.697968
-71.840318,293,355.099888
239.931283,424,355.706502
214.705657,396,356.266577
165.269741,632,357.177725
-92.417239,405,357.697337
-142.326034,491,358.421649
-224.263227,1000,360.099973
-18.302337,449,360.691743
-88.352072,340,361.084926
200.646852,485,361.733615
212.784128,417,362.306581
-91.688018,274,362.611752
-184.514389,539,363.373815
-116.267829,279,363.692949
-145.786753,538,364.524587
138.250875,733,365.943025
-173.024598,1000,368.197605
-89.647921,1000,369.6746
-51.453816,332,370.039015
-185.533332,1000,372.118092
-110.553939,726,373.259401
-56.186811,335,373.65166
-145.985939,783,375.252685
-71.386789,283,375.586157
-114.387219,803,376.727583
164.763483,690,377.843576
-58.714944,228,378.099597
-89.688872,431,378.651576
-122.830544,329,379.061662
-137.256764,595,379.895644
-128.904338,485,380.532025
-136.493019,601,381.474334
-171.717659,742,382.528825
-101.123004,286,382.862074
216.680336,469,383.532564
-104.800457,410,384.06559
-122.696385,401,384.548517
-107.734679,360,384.966936
-50.459605,367,385.416735
-109.288482,399,385.894834
235.923899,469,386.542544
-60.3215,314,386.941451
-39.247311,304,387.299611
87.501358,589,388.060551
208.458064,472,388.666171
-71.652399,397,389.162594
-35.106599,336,389.539174
204.314371,413,390.088703
120.05256,509,390.839794
-89.099676,228,391.082146
115.520487,583,391.921299
-78.232348,278,392.23147
183.474454,610,393.365531
-40.588988,267,393.653878
-50.232821,310,394.008259
185.953667,568,394.78812
-160.582737,790,395.878551
-38.165881,205,396.086778
167.222669,382,396.559054
58.847178,1000,397.941044
136.931236,490,398.564229
-40.450123,245,398.831324
-100.415882,1000,400.378122
-44.351697,254,400.651534
161.277399,439,401.233548
-64.27243,220,401.457416
-120.651944,440,402.01755
179.347067,476,402.631065
131.436935,792,404.512587
169.525524,813,406.205864
-155.070063,273,406.521774
-158.495788,294,406.870863
185.999874,949,408.357534
-84.882642,231,408.608942
-72.212927,298,408.928085
179.053201,470,409.637397
154.585617,445,410.273664
180.470101,377,410.745437
176.734173,447,411.311529
-81.478625,267,411.609617
143.232391,446,412.182559
178.91071,425,412.759195
188.982134,422,413.314854
-50.529392,388,413.775596
-61.38684,246,414.047589
169.482398,474,414.666721
-70.993839,273,414.959569
-31.334253,316,415.332595
-83.31421,363,415.793008
-68.853445,245,416.046896
-81.869821,276,416.336165
-105.980725,353,416.755152
-57.043401,190,416.942192
203.155046,541,417.707553
205.638948,543,418.581038
162.901289,593,419.409799
-91.295398,372,419.828355
127.856824,489,420.41775
-58.806472,400,420.869512
-152.793331,414,421.335657
140.483036,539,422.143152
-84.088807,339,422.547099
-59.497759,534,423.178653
138.55087,662,424.132901
-185.77261,450,424.731301
200.370529,484,425.431496
-82.637756,368,425.849426
-68.019197,360,426.312912
-62.580181,216,426.545518
-87.320934,464,427.128577
141.848972,476,427.698055
-28.387531,374,428.122694
185.860749,465,428.767967
-149.602605,538,429.414748
187.006092,548,430.210567
188.588565,489,430.912685
140.814503,623,431.769612
194.614441,526,432.65266
173.003825,471,433.312554
-88.488668,205,433.521347
194.077676,435,434.154362
-89.524284,229,434.40668
176.63754,378,434.895541
240.198304,374,435.371559
-70.381169,325,435.748648
-33.341188,272,436.02251
172.568113,355,436.444609
204.652972,381,436.902503
192.516116,297,437.244352
196.568879,403,437.74055
221.071815,396,438.238899
229.205305,499,438.926718
-60.045962,332,439.332901
191.05165,598,440.259566
140.025679,466,440.86844
-60.798205,172,441.037645
220.547267,393,441.522577
-92.416418,291,441.863377
-66.509105,342,442.241574
-67.247379,157,442.410536
119.428953,396,442.944429
-19.174164,276,443.241651
-95.361567,357,443.670538
-72.088073,356,444.080415
-131.147469,475,444.725239
234.114202,479,445.311436
-88.640846,498,446.00558
-33.146901,279,446.303661
-27.628559,271,446.607768
-28.616317,436,447.150552
-49.90254,389,447.584747
178.68339,551,448.312293
200.350862,678,449.254604
190.075014,452,449.852999
-82.970325,362,450.317562
-39.442882,364,450.773582
221.832439,464,451.3699
178.643633,628,452.252577
-59.594729,305,452.584085
-85.368742,280,452.872341
-102.056993,284,453.174536
-12.49379,348,453.579455
-69.41989,268,453.889625
183.42109,417,454.429474
-64.638019,247,454.699621
203.476659,335,455.132716
215.473454,335,455.530571
176.803341,333,455.927564
-65.683674,193,456.125462
-52.561664,270,456.410702
-22.392529,321,456.778844
225.183845,346,457.179149
243.707155,316,457.540564
-64.42979,219,457.771564
-65.067752,242,458.016594
-66.032343,172,458.188595
170.438694,340,458.592129
-80.191214,172,458.766667
-70.49986,220,459.010665
-87.59063,233,459.255589
165.726678,384,459.706267
215.466619,387,460.16858
-53.072578,274,460.460848
-15.07345,252,460.732123
-67.562144,243,460.991429
-124.566708,243,461.246746
227.09507,347,461.648381
-23.209914,263,461.933311
-63.243889,224,462.170645
-105.046888,178,462.359521
-33.721963,228,462.597543
-41.340878,251,462.865404
-85.210872,155,463.015458
-29.364623,248,463.277561
212.593333,312,463.640542
221.918723,293,463.947523
-54.754732,227,464.184742
3.471415,234,464.43849
216.266344,316,464.814584
-88.218746,176,464.996699
-59.113946,149,465.144538
220.504786,319,465.524072
-44.145164,216,465.733581
-48.660063,337,466.125789
-67.290278,197,466.329741
-84.44218,149,466.477346
-54.81769,206,466.699754
-79.391839,397,467.146559
221.237268,351,467.569428
-87.601019,187,467.759916
-29.388259,339,468.147879
-78.576713,219,468.372249
216.547512,361,468.801775
-90.364532,207,469.010325
-53.704862,266,469.30454
-50.666781,217,469.533398
-49.300614,268,469.835605
187.817792,333,470.230547
232.134615,389,470.704471
195.22248,366,471.170561
-85.793334,156,471.326526
-3.523102,308,471.675431
-124.999342,130,471.797491
174.73097,427,472.299518
-20.445649,299,472.640576
-126.219551,292,472.968396
-98.620972,140,473.104029
-70.570263,278,473.426225
-108.277449,223,473.679627
-27.1558,242,473.961903
-89.206839,253,474.235174
246.46051,296,474.610168
-70.208929,279,474.91735
-1.09222,281,475.227519
195.369466,370,475.689288
-89.909506,170,475.860827
-73.151564,171,476.033365
-73.458008,249,476.299652
-44.00398,211,476.517599
-62.96207,269,476.807606
259.070056,317,477.153829
-58.896518,208,477.373646
-78.669084,167,477.54556
234.328814,281,477.854522
-81.714862,260,478.141175
-12.807249,219,478.380539
-55.796127,128,478.508198
217.171998,546,479.314523
-99.370404,150,479.462441
-116.029518,324,479.850463
228.429789,326,480.261546
-34.196357,198,480.467664
-101.219952,158,480.622539
-31.823958,285,480.966094
-148.145419,211,481.172539
-26.238472,256,481.453623
-55.71781,213,481.672891
-73.278608,158,481.839895
-70.244103,167,482.013712
-31.48104,146,482.164559
-36.922077,376,482.601703
-71.131797,133,482.736486
145.586987,633,483.532311
169.087135,539,484.203799
-61.013142,213,484.419498
194.594018,382,484.855777
-84.498889,288,485.207665
-70.941483,191,485.417686
192.920235,337,485.83058
-81.709341,233,486.071934
-50.139081,168,486.249537
196.369192,341,486.676585
-80.589034,262,486.960585
-58.872946,280,487.281524
-86.378339,226,487.519553
-85.714594,166,487.69045
-97.464828,296,487.991466
-45.752696,148,488.1446
-102.110885,122,488.2635
-90.578147,153,488.411519
-26.849665,255,488.695414
-86.150002,227,488.932767
192.301414,334,489.307764
-112.495172,182,489.490561
244.986466,334,489.883738
-70.067443,240,490.122689
-87.675087,190,490.323148
230.862787,377,490.806861
-122.777669,370,491.212772
-62.602034,205,491.426173
-87.862819,338,491.849778
-80.001259,144,492.00251
-73.345577,368,492.45856
-80.326928,175,492.642528
151.111278,472,493.256563
-75.474804,395,493.715004
-74.73307,343,494.139541
156.763656,388,494.574528
218.077631,285,494.897434
-37.947766,160,495.069518
-39.818114,132,495.196517
-67.192971,134,495.326544
-34.353427,192,495.525629
-4.323091,217,495.756369
-124.46381,186,495.945933
-75.806654,257,496.223189
-68.119147,256,496.486495
-87.184534,198,496.789492
257.777494,293,497.197242
-39.968042,222,497.437602
-14.254449,277,497.743453
-66.575096,234,498.019578
-41.739904,134,498.177745
-56.594712,118,498.303414
179.257562,369,498.755099
-93.020792,235,498.99948
-5.3328,295,499.336576
-44.657685,172,499.517063
-91.155021,288,499.826759
187.34973,552,500.523665
-77.238389,237,500.763686
148.03764,392,501.220911
-62.476636,179,501.406953
-34.412962,229,501.63876
-85.68371,176,501.826713
-69.417314,265,502.103724
-84.955033,222,502.351383
164.492197,308,502.720397
159.305116,397,503.206511
-76.548858,257,503.472546
207.800984,298,503.822574
211.500333,340,504.221515
-26.011757,169,504.390523
-67.860481,211,504.614425
-67.989407,195,504.804421
-21.927033,242,505.047547
199.152084,299,505.401155
222.9039,363,505.859455
-70.548847,221,506.095111
225.715386,302,506.449167
247.521806,345,506.915916
-56.703612,269,507.222676
-88.246947,144,507.366613
-75.018572,179,507.543603
-88.629346,164,507.706272
-53.04653,313,508.067884
-89.111833,168,508.23555
-82.070093,160,508.392529
179.380635,491,509.038514
-103.231278,490,509.629773
-72.356909,145,509.783912
-89.289704,172,509.95555
-63.537921,313,510.312666
149.907585,453,510.887608
187.646264,469,511.466605
125.311271,445,511.962538
-99.849199,159,512.149789
-78.617737,178,512.33759
-84.960854,263,512.614917
-88.845409,396,513.09554
-87.965846,312,513.477753
209.715059,419,514.073245
177.547711,669,515.146476
-86.694522,226,515.384903
-96.270615,254,515.639547
184.45961,527,516.325015
-85.315386,154,516.470626
203.876662,454,517.112757
-90.827351,289,517.438262
-113.577018,316,517.790462
-121.350226,276,518.094647
-105.308556,306,518.445633
148.499107,444,519.014393
155.168135,508,519.717923
-54.428288,276,520.037714
134.074959,494,520.611516
153.563452,562,521.299529
-86.174922,264,521.589552
170.159266,343,521.977562
-60.307199,264,522.286847
-94.148103,201,522.49151
-65.887599,170,522.671027
196.779214,331,523.066526
201.201575,372,523.562487
-51.415866,219,523.787457
151.159153,435,524.403658
222.008274,442,524.959554
-18.473991,307,525.304567
-43.772121,436,525.873254
200.391697,427,526.447939
-26.70093,177,526.629584
-56.209756,212,526.856976
182.284067,578,527.671564
-59.116719,202,527.960633
-119.59425,408,528.505841
-22.003581,252,528.780514
-93.660612,172,528.963488
181.375196,573,529.863416
-107.782138,238,530.108498
-82.137908,1000,532.309336
-100.458971,237,532.565519
-247.384364,934,533.990116
-91.347737,475,534.620401
-98.316533,164,534.783999
-100.956536,324,535.211851
-86.865792,155,535.365573
-117.113427,213,535.592535
-60.92174,289,535.891711
-43.941463,271,536.175557
134.930434,418,536.696731
140.089427,295,537.018565
-87.83947,268,537.322536
205.339297,501,538.013582
140.98548,607,538.974551
-22.93323,292,539.313533
-120.719892,413,539.775403
-118.650403,314,540.145379
111.111577,549,540.947422
-32.2531,286,541.246624
158.227894,546,542.004647
-91.921473,402,542.521533
-110.86636,291,542.841589
-53.797314,231,543.073635
-85.170943,152,543.229672
-73.95125,307,543.56054
-94.825389,392,544.043636
-110.757458,314,544.391954
-72.832728,280,544.717845
-34.129812,261,545.020635
178.308994,516,545.784647
-97.21732,148,545.932198
-95.723419,200,546.132662
-91.703769,168,546.306626
-56.005706,195,546.510572
-94.090608,221,546.756074
5.975628,337,547.150101
222.473711,388,547.665588
182.896009,333,548.04876
-102.751982,330,548.412029
-24.0718,340,548.798599
-54.92602,161,548.958545
184.545458,395,549.43753
-36.069754,154,549.591515
169.822965,386,550.055491
132.334407,469,550.631062
-125.355278,205,550.853458
-89.812909,194,551.052526
-89.367979,289,551.344945
-35.545515,233,551.58103
-68.662515,201,551.767577
-72.666036,278,552.063224
171.597249,435,552.619738
-25.777795,181,552.8023
218.137733,538,553.615045
-75.372349,242,553.878557
-70.919167,313,554.221533
136.731445,506,554.887157
-119.21213,425,555.443371
-22.277956,170,555.620896
-120.921317,390,556.121556
215.805888,393,556.637578
-125.500288,391,557.073695
195.886152,319,557.435074
-9.072836,181,557.620578
238.75408,414,558.146227
-95.960729,404,558.653553
204.104313,478,559.286369
-39.749606,280,559.609652
-43.609305,171,559.775609
230.933293,449,560.36392
-70.004008,225,560.609995
-108.972114,374,561.023594
-57.562299,233,561.272163
164.148146,340,561.689583
158.985326,461,562.2126
143.424715,495,562.879546
-64.854679,230,563.111822
-73.391453,156,563.263704
-34.824422,172,563.438548
-56.317963,401,563.897586
-86.283636,224,564.135618
-30.095544,366,564.583445
-115.864308,279,564.886552
-24.856796,377,565.364597
227.152578,438,565.959652
126.482165,592,566.738573
-33.730734,130,566.869627
-49.603184,541,567.564615
175.394628,340,567.977703
-34.501552,169,568.170655
134.989666,589,568.930099
-48.207074,298,569.286214
189.004637,286,569.629683
-8.821047,145,569.785311
-36.934061,147,569.934992
-64.277611,200,570.148631
-97.147578,458,570.668887
-85.121647,205,570.879545
-108.936598,507,571.57746
-95.194348,244,571.825729
186.282404,575,572.75971
190.121854,391,573.253946
-47.768757,273,573.554731
149.328762,395,574.022545
-76.124827,282,574.335901
188.831612,307,574.702513
206.723205,351,575.140778
-5.654562,312,575.470567
-39.029719,224,575.716579
-97.336251,172,575.892562
-35.119296,172,576.064478
-10.137525,155,576.221277
-53.006345,154,576.374426
161.410688,399,576.905502
-113.388877,305,577.258786
-68.935973,305,577.597579
198.34133,357,578.040512
150.787234,347,578.487351
-70.409745,321,578.840638
-82.984329,155,578.995033
76.573551,602,579.824883
-97.619277,145,579.965512
-45.498265,1000,582.329459
188.797318,426,582.959948
154.645077,812,584.221946
-37.8301,1000,585.755575
-108.189508,1000,587.478706
-55.002465,145,587.660561
-84.55072,159,587.838751
-102.517731,350,588.223841
189.893544,481,588.844095
198.349932,790,589.940925
98.318054,937,591.443621
-117.135507,815,592.487808
-132.955663,506,593.145008
-140.933716,645,593.949667
-60.026642,229,594.197886
144.73034,682,595.101541
81.605375,843,596.432928
-100.907391,400,596.903876
144.482367,784,598.238665
-94.146026,495,598.884602
-74.623054,526,599.579887
-55.764437,1000,601.516639
-104.10822,508,602.12263
-116.992524,654,602.997568
106.232657,699,604.100768
-32.700105,1000,605.977957
127.097603,721,607.005116
-79.429917,413,607.504527
-145.831814,415,608.05578
-108.151174,239,608.311566
-133.018627,445,609.089661
-64.986301,196,609.301477
-99.500069,196,609.505624
107.120341,609,610.447868
-82.675706,219,610.678224
-112.740245,331,611.053532
-80.807185,190,611.239756
157.426944,696,612.26914
-50.390583,640,613.249642
-66.128094,251,613.519581
155.243133,628,614.476772
169.983453,760,615.74131
-62.689262,343,616.114604
-49.820518,186,616.309231
-89.769296,410,616.846302
-76.668403,241,617.097276
-88.215099,160,617.255359
-57.373889,205,617.47003
-52.474035,186,617.656623
-129.14207,311,617.99295
-96.692894,363,618.424322
196.032563,286,618.75901
-53.222031,237,619.00642
163.586365,431,619.552622
161.376646,946,621.006248
-81.228146,185,621.203718
163.514751,354,621.616508
-105.496422,261,621.911174
-117.26086,266,622.207505
-75.955095,224,622.458961
-73.090456,243,622.720074
228.058687,360,623.136584
176.372429,531,623.81368
-41.013948,1000,625.623712
-76.164384,443,626.208682
-108.284581,338,626.602618
-102.326859,220,626.827369
163.253206,731,628.122715
-106.473354,408,628.56254
-160.701343,615,629.582848
175.590897,417,630.095609
-73.570973,1000,631.673751
-67.489793,207,631.898159
165.061741,527,632.65625
210.758278,426,633.26469
-87.669635,349,633.657921
222.935259,484,634.335711
-91.393336,252,634.620556
165.167814,377,635.093737
202.867161,437,635.69062
149.85595,500,636.278867
185.610257,384,636.742081
-38.174606,226,636.981732
216.712557,353,637.395001
-48.206773,203,637.608013
-25.809041,297,637.946592
-26.967219,278,638.251684
219.765611,383,638.726555
-74.360382,222,638.964573
-43.380411,290,639.280546
-94.205304,381,639.737823
-74.295891,315,640.078761
-86.555264,301,640.440859
-60.50219,222,640.665232
-81.121618,327,641.120638
-47.042133,393,641.558436
235.304748,426,642.09782
202.099279,519,642.701061
169.716897,377,643.158829
125.837514,477,643.802669
-61.569344,269,644.092902
-66.204253,301,644.448394
238.326655,361,644.904894
136.771973,503,645.511741
-70.170592,348,645.875639
215.179245,432,646.4968
176.448771,611,647.32382
-26.992478,405,647.775016
-163.672764,566,648.46174
-91.872494,410,648.96847
174.779258,330,649.369541
-75.867253,238,649.629019
209.417163,452,650.316758
175.240203,439,650.951468
-105.363687,335,651.69958
-89.248401,209,651.80031
-99.302077,339,652.005761
-101.126723,478,652.30102
-79.281922,226,652.416759
204.9531,439,652.810815
171.167804,343,653.045543
-90.654157,194,653.132641
-95.46975,517,653.469571
-51.363741,305,653.655777
-87.769533,296,653.840841
-184.687244,416,654.130997
165.92756,558,654.555619
183.121891,350,654.78558
-117.242417,351,654.971565
-103.537446,251,655.097546
-42.660999,181,655.189542
-92.908197,301,655.362805
-86.876842,297,655.556576
150.749782,499,655.939553
174.418168,510,656.295512
-82.396835,272,656.430404
-140.165987,541,656.829556
-87.433717,418,657.118906
-88.809132,221,657.236593
-113.431613,257,657.396165
214.544866,408,657.689567
-45.023892,357,657.917503
-83.240979,248,658.04854
-82.210774,246,658.180523
196.690533,354,658.491529
-97.170615,192,658.575573
187.883441,262,658.727534
-72.963772,236,658.858675
-109.389395,336,659.061557
207.948212,461,659.453542
-176.204066,545,659.890123
128.210996,639,660.382349
117.394372,559,660.859425
153.179634,522,661.324961
-93.974313,252,661.448631
212.14606,458,661.808565
-112.719417,239,661.934594
-24.60726,196,662.036541
195.396672,427,662.36905
86.950603,699,663.152651
-101.910015,183,663.241747
135.85652,536,663.750532
-74.162189,215,663.845525
-57.080649,281,664.002755
192.2023,498,664.526534
-109.772275,262,664.663562
-60.351469,169,664.743585
216.309057,429,665.042588
141.841219,393,665.341514
-114.970618,397,665.598516
-103.488278,423,665.945586
-39.81351,358,666.152569
-127.865507,236,666.276836
-90.744003,364,666.482655
106.970314,557,666.927591
-80.643008,413,667.189614
-111.732823,558,667.507683
-98.452675,397,667.800612
-34.073202,284,667.96656
-69.84518,147,668.035448
-112.829609,602,668.475543
-62.68352,299,668.645563
84.20198,1000,669.53952
-85.638208,325,669.739529
-102.117663,309,669.919546
-63.339626,196,670.027604
-63.657925,380,670.303847
125.972796,644,670.801203
-92.316127,296,670.966157
-101.383081,492,671.313504
133.567305,399,671.570493
-70.308345,190,671.665514
-89.818516,213,671.763498
-60.2477,261,671.911479
-83.393137,178,671.994508
-113.278454,517,672.483368
157.304018,508,672.986529
-91.201327,375,673.231575
-89.914457,190,673.317502
-38.478573,191,673.411538
60.30074,598,673.900655
-107.650784,264,674.025509
-45.642061,191,674.117513
-96.538118,154,674.187544
-74.11826,286,674.363554
-114.251281,484,674.804856
176.608051,448,675.167566
-48.294714,210,675.272689
-69.486219,214,675.380563
-92.47891,250,675.495559
-105.212821,217,675.591587
-101.233117,224,675.687895
-86.685109,341,675.873543
103.120952,606,676.567541
-136.281494,248,676.705554
-142.159636,530,677.052542
155.293432,432,677.359762
-158.152047,639,677.998981
-115.179082,241,678.133051
-61.18547,181,678.222127
-107.20447,346,678.443517
-74.486673,239,678.580979
161.262687,426,678.89338
-47.368888,207,679.000094
76.217131,1000,680.259572
222.432132,484,680.617553
-82.548618,200,680.716508
-42.27703,172,680.799526
-54.431008,179,680.880501
180.656511,481,681.300521
-157.896497,552,681.756583
103.759277,696,682.321569
-79.400639,249,682.455542
159.595796,601,682.907322
-6.99234,1000,684.367763
182.442522,530,684.758492
195.201651,450,685.127517
68.976742,1000,686.158558
158.56294,359,686.45498
-53.028091,227,686.586655
-116.28829,497,686.948551
219.375016,445,687.303567
-125.227832,491,687.606526
-104.030345,459,687.94685
179.444689,444,688.296722
113.226524,604,688.778524
-97.83094,447,689.162068
151.490961,536,689.648542
-109.144602,233,689.75755
-211.772906,663,690.191593
-106.51284,534,690.640541
-127.180509,449,690.935547
-146.921675,426,691.198471
-50.622568,301,691.405862
-60.430625,403,691.703931
-102.082385,384,692.021491
-50.585653,197,692.114513
-137.17973,567,692.611823
-102.734742,487,692.942395
-148.349144,228,693.058228
165.936068,507,693.470364
-77.862624,406,693.798838
151.67169,431,694.141425
-67.546388,277,694.304621
-54.512335,361,694.5606
25.822532,1000,695.40469
98.479232,1000,696.588525
192.245414,487,696.950495
67.113446,1000,697.928713
-96.501708,236,698.036822
145.032859,572,698.556561
158.881477,377,698.843597
-66.130052,225,698.961596
181.929446,399,699.295544
86.281767,576,699.774539
187.539297,311,699.954774
-47.970407,224,700.080563
-93.918296,358,700.285563
-97.779008,173,700.358511
-104.591056,278,700.507525
-140.392988,672,701.027582
-132.434086,381,701.272562
198.248085,412,701.55954
-168.364532,580,702.032539
217.76577,422,702.342056
-125.349532,608,702.739566
-98.744939,316,702.898513
-134.759904,525,703.280586
-93.131532,256,703.412774
-92.442045,216,703.518746
-13.59831,220,703.640879
-100.923498,361,703.855985
196.946548,449,704.204091
229.69898,406,704.476071
198.130871,430,704.782831
228.431699,422,705.062204
219.427574,245,705.18686
-103.670375,503,705.586469
-62.615515,150,705.657478
-116.774457,458,705.934488
-108.552499,390,706.17202
-104.033703,384,706.3945
-91.120573,246,706.509499
-142.688929,201,706.610471
-65.564419,163,706.689502
-166.963195,627,707.196506
-100.772926,464,707.520517
-105.455419,414,707.86333
-77.903633,247,707.994458
-110.99202,343,708.204489
-116.709011,200,708.303495
-135.572069,437,708.531848
99.848946,609,709.026693
-106.241631,157,709.102488
