#{"t_start": 1646582168.209853, "env_id": "LunarLander-v2"}
r,l,t
-241.256027,77,0.177321
-500.435069,116,0.200261
5.280164,89,0.216217
-385.115758,77,0.23018
-95.27703,62,0.245141
-391.309813,85,0.2601
-333.057437,95,0.281045
-205.169082,85,0.299993
-89.974709,83,0.324927
-120.787702,70,0.337894
-118.404768,79,0.351856
-92.905625,92,0.36881
-120.607394,95,0.390269
-245.969553,99,0.407225
-107.674071,64,0.418196
-139.339021,81,0.437145
-300.4859,98,0.458088
-65.970408,74,0.471053
-162.237469,91,0.493991
-143.73273,87,0.51394
-175.275677,94,0.534883
-187.313631,72,0.546851
-122.407388,112,0.566799
-100.673943,72,0.578796
-104.393379,70,0.593726
-239.764483,112,0.613672
-382.125638,103,0.632621
-68.624709,78,0.646584
-254.234837,96,0.667529
-156.346551,98,0.685482
-315.298015,102,0.70504
-150.602356,94,0.72202
-203.659426,132,0.753908
-84.380792,60,0.768868
-153.806118,107,0.791836
-136.299054,59,0.800812
-78.99192,68,0.814775
-112.053673,88,0.830757
-114.591564,113,0.852698
-228.948131,76,0.867633
-135.263747,68,0.886585
-78.346568,81,0.90553
-355.390768,99,0.929466
-131.916789,74,0.944426
-172.548547,70,0.960384
-102.316718,85,0.979333
-105.98991,111,1.002274
-221.75971,114,1.023215
-75.634912,152,1.055131
-99.534956,69,1.069093
-75.575467,62,1.082067
-91.752653,97,1.100017
-111.471953,121,1.124944
-246.230116,100,1.141899
-388.9234,116,1.163839
-112.657678,72,1.176806
-79.61783,66,1.190768
-174.23408,87,1.204731
-252.560785,92,1.220689
-140.861007,105,1.243627
-103.196903,70,1.258623
-400.678701,89,1.273547
-343.509389,92,1.289519
-126.383664,84,1.304466
-83.784179,60,1.316432
-171.532572,108,1.336379
-265.415673,90,1.353334
-94.111176,62,1.364304
-356.991213,144,1.396218
-97.286597,109,1.420156
-425.646955,135,1.448111
-134.459151,84,1.463072
-165.563845,126,1.487999
-139.786485,95,1.507921
-290.39865,89,1.525873
-315.765098,99,1.545819
-125.434616,116,1.570752
-103.750007,75,1.585743
-118.997589,60,1.594715
-119.390957,107,1.615632
-304.676829,75,1.631589
-261.350324,75,1.644554
-110.425007,64,1.656523
-118.230361,62,1.667493
-64.415766,121,1.698411
-155.213692,75,1.712373
-174.497219,78,1.727334
-107.269708,62,1.737306
-340.74283,100,1.761242
-64.576532,135,1.786177
-113.173263,62,1.797146
-92.950383,59,1.807565
-285.046082,86,1.825518
-122.924884,135,1.860424
-169.837466,92,1.878376
-189.448274,73,1.891342
-101.621643,110,1.915066
-86.522961,84,1.92803
-223.963454,123,1.952963
18.169247,81,1.967956
-333.429073,86,1.984879
-133.975175,92,2.001832
-214.879366,115,2.024772
-369.527353,115,2.045715
-137.523891,118,2.067657
-120.505203,113,2.087635
-335.615392,120,2.110573
-261.121909,105,2.132484
-345.324458,154,2.198333
-86.113188,62,2.208345
-194.889915,72,2.221311
-99.760042,63,2.230288
-97.039546,70,2.24425
-136.013835,93,2.25918
-88.755248,117,2.280154
-117.107982,122,2.301659
-384.116397,96,2.319585
-64.273767,64,2.33059
-217.07131,154,2.360512
-55.793702,73,2.372444
-76.415189,72,2.386407
-352.006091,94,2.402872
-93.564012,99,2.41883
-90.183638,93,2.434788
-52.261374,81,2.450743
-429.094116,106,2.470721
-82.899954,70,2.481699
-39.831298,95,2.497655
-128.850853,79,2.513025
-339.364595,85,2.52599
-177.656282,80,2.538924
-266.049867,77,2.552887
-165.711182,114,2.576824
-318.782099,126,2.601179
-8.585503,106,2.62013
-51.582153,139,2.650049
-145.466339,84,2.666007
-337.328436,86,2.681963
-99.172,110,2.702908
-132.810605,77,2.716896
-111.088235,59,2.727867
-152.110848,84,2.741804
-88.850169,69,2.753772
-131.945665,105,2.771725
-471.466326,99,2.79167
-207.050499,101,2.808656
-85.188614,80,2.820594
-372.544096,88,2.835557
-142.642102,94,2.853537
-123.141375,85,2.869463
-68.352802,82,2.883456
-207.737546,84,2.897429
-74.243879,66,2.910378
-152.247661,62,2.920357
-195.984893,88,2.934289
-269.736673,85,2.949277
-108.540383,71,2.963243
-91.815583,83,2.978203
-229.237114,118,3.001111
-411.358805,86,3.016102
-87.381792,63,3.029036
-138.500887,96,3.044994
-179.110256,93,3.061948
-262.488043,78,3.075911
-246.798456,126,3.101843
-222.957671,95,3.118797
-17.965448,119,3.142732
-234.074043,111,3.161682
-67.486527,75,3.176641
-102.803669,66,3.18861
-385.609581,88,3.20357
-119.621538,127,3.227506
-176.086089,122,3.251442
-131.155301,88,3.266402
-16.590092,65,3.277372
-369.094225,94,3.294327
-177.127165,112,3.316268
-181.307244,88,3.331258
-105.460287,74,3.344221
-376.823934,113,3.364171
-181.879985,101,3.384086
-313.199405,129,3.409021
-95.11305,78,3.423984
-113.955294,76,3.436947
-149.899995,71,3.450908
-376.038247,98,3.467863
-113.677449,104,3.486813
-261.218127,83,3.502796
-123.566457,112,3.523744
-220.616595,80,3.537706
-126.697716,99,3.555664
-361.046624,87,3.570593
-103.975474,91,3.587543
-264.85032,83,3.602502
-119.916337,70,3.613503
-250.815283,103,3.631454
-71.08213,122,3.655361
-366.716222,104,3.674311
-352.978723,146,3.702271
-202.186398,59,3.711247
-124.107656,68,3.724203
-189.383302,62,3.734181
-327.317629,90,3.750139
-173.382583,102,3.769058
-254.911545,70,3.783048
-180.46322,125,3.804961
-140.212012,103,3.822954
14.053503,82,3.836906
-152.189616,126,3.86184
-94.14373,92,3.878312
-133.428022,71,3.890277
-522.746418,104,3.909226
-112.230736,82,3.924179
-68.539418,65,3.935158
-105.052994,63,3.945096
-426.022338,97,3.962051
-441.758994,111,3.982
-314.778097,91,3.997988
-118.441534,81,4.012949
-282.595383,102,4.030898
-115.943958,86,4.046828
-92.362413,120,4.068768
-215.804033,80,4.082798
-102.367434,82,4.095764
-368.488181,117,4.117705
-100.579359,64,4.127646
-231.731231,106,4.146626
-332.186047,98,4.163588
-222.430235,116,4.184508
-92.751378,86,4.199455
-76.725059,86,4.214445
-236.76475,85,4.22841
-96.183978,110,4.249347
-180.895589,113,4.269268
-398.946222,94,4.285262
-114.149941,89,4.301236
-184.299799,78,4.316177
-261.371268,102,4.335127
-111.669546,84,4.349115
-124.341678,69,4.360091
-275.471007,88,4.376048
-67.208656,102,4.393511
-84.231076,79,4.407474
-276.871986,110,4.42742
-156.621869,84,4.44241
-320.010307,70,4.454349
-438.537249,120,4.47632
-130.221653,111,4.494838
-83.002165,62,4.507773
-139.364821,134,4.532706
-110.123488,81,4.547696
-472.588653,129,4.570632
-125.464446,89,4.587088
-130.563651,93,4.603045
-129.931521,64,4.612989
-110.369647,67,4.623959
-187.036602,72,4.63895
-122.195913,79,4.652908
-226.35228,92,4.668864
-320.561878,89,4.684395
-173.943196,69,4.698327
-127.957785,75,4.711292
-267.702175,135,4.737223
-64.93591,65,4.747229
-227.6247,95,4.765179
-84.06442,110,4.784128
-74.030531,83,4.798089
-154.507549,95,4.814046
-57.858965,124,4.836983
-232.305446,75,4.849953
-304.157076,106,4.868872
-126.259396,84,4.881867
-125.933378,74,4.8958
-133.718676,107,4.915776
-221.406211,101,4.933728
-325.929337,98,4.950683
-328.980061,120,4.974614
-220.978916,63,4.984591
-115.006772,104,5.001516
-366.245374,90,5.017504
-385.32524,100,5.03742
-66.416256,108,5.055403
-109.446783,73,5.067341
-178.121857,95,5.083332
-179.165622,56,5.095266
-315.27094,101,5.111254
-130.782395,76,5.124219
-267.902994,69,5.136157
-22.578557,63,5.147153
-236.474458,112,5.166107
-71.314981,118,5.187021
-83.485369,123,5.208992
-132.458409,93,5.226913
-75.294906,85,5.241907
16.708617,72,5.253855
16.594214,124,5.27678
-117.395554,109,5.297724
-76.793039,63,5.307697
-197.813066,67,5.318668
-151.004142,68,5.329638
-74.585933,64,5.341606
-25.960111,101,5.360555
-171.678096,114,5.380532
-320.050855,118,5.401482
-339.129888,109,5.422422
-196.726926,82,5.435378
-71.645019,71,5.447354
-126.916873,87,5.461313
-357.364064,94,5.478241
-103.502756,108,5.496224
-337.806306,95,5.512182
-80.333269,135,5.53908
-240.1438,101,5.558029
-146.083214,75,5.569997
-111.948391,74,5.582965
-168.6274,94,5.599975
-190.649572,65,5.61294
-81.989381,109,5.631916
-114.988811,102,5.648875
-213.085075,110,5.667824
-195.917006,62,5.679788
-288.420529,74,5.692758
-73.875301,58,5.701724
-352.075567,116,5.722672
-215.889957,119,5.74559
-88.854316,82,5.758586
-152.974357,107,5.776524
-358.920281,106,5.797489
-266.241229,111,5.818401
-140.076793,75,5.83039
-68.482822,59,5.840363
-112.347199,104,5.858317
-305.769461,77,5.87328
-304.624982,106,5.891232
-112.800294,54,5.899216
-115.790953,98,5.915174
-364.946757,106,5.937117
-103.783653,74,5.949054
-229.331944,104,5.967038
-319.464029,100,5.982996
-117.22962,70,5.996925
-392.423855,85,6.010913
-295.682711,121,6.032861
-206.471345,114,6.053802
-270.307725,115,6.078706
-361.849776,96,6.09566
24.382734,73,6.107628
-417.199129,113,6.127605
-143.220545,111,6.148549
-72.008741,76,6.161515
-283.38215,91,6.177443
-5.377996,84,6.194422
-316.470575,97,6.212348
-277.757521,109,6.231298
-77.794019,75,6.244293
-224.416163,113,6.265206
-309.937804,87,6.282161
-232.381192,111,6.302113
-111.584982,131,6.326045
-170.845024,108,6.345019
-179.082338,131,6.369959
-104.673968,131,6.393863
-91.795468,67,6.404848
-20.945655,104,6.423782
-410.992467,122,6.447718
-239.194934,100,6.469661
-239.146073,83,6.484646
-148.539653,132,6.509581
-137.566777,75,6.522518
-407.943322,94,6.539473
-148.896127,70,6.552078
-333.979058,81,6.566026
-157.682219,107,6.585973
-93.068652,95,6.600933
-144.152388,120,6.62088
-112.93375,102,6.639829
-167.031498,118,6.663765
-6.193508,83,6.678725
-276.338913,102,6.695711
-488.767296,120,6.716655
-107.069982,84,6.730586
-85.186185,62,6.74056
-79.023839,62,6.750533
-193.248335,109,6.769482
-41.731103,134,6.798366
-102.514368,74,6.810336
-216.585895,118,6.833272
-346.401926,93,6.85023
-75.573676,81,6.864191
-116.2738,77,6.877162
-137.621785,117,6.897098
-121.402557,131,6.922034
-194.510354,93,6.93899
-389.609937,85,6.951956
-100.493425,80,6.965917
29.31154,129,6.989854
-153.894772,93,7.006373
-164.36839,114,7.025296
-111.299919,69,7.03826
-269.826675,73,7.051257
-103.526905,77,7.068181
-125.067738,80,7.084138
-126.671258,95,7.101095
-538.774909,84,7.116055
-311.608972,118,7.137997
-360.427108,98,7.155948
-86.233874,72,7.167916
-318.875869,116,7.190889
-281.722138,76,7.204844
-100.326081,107,7.222805
-341.555236,81,7.236767
-150.719698,65,7.246735
-365.871284,110,7.267678
-326.674502,103,7.285602
-239.022104,78,7.298567
-52.032739,123,7.321543
-123.79677,92,7.337494
-118.471942,74,7.350463
-112.372385,105,7.368414
-118.698197,104,7.387358
-103.362704,64,7.400351
-195.712823,126,7.425294
-113.997775,104,7.442243
-136.72412,120,7.463188
-109.272407,66,7.477144
-87.891991,101,7.494113
-62.900603,62,7.503639
-95.721128,85,7.518602
-326.619934,91,7.536548
-475.10518,118,7.558495
-91.203927,101,7.57745
-343.937568,92,7.594396
-152.131781,73,7.608905
-80.393312,59,7.61788
-63.106605,68,7.629848
-135.1923,126,7.653817
-112.414934,59,7.664783
-549.336687,119,7.687695
-136.020186,99,7.705223
-68.969172,104,7.724204
-301.052821,124,7.74811
-210.37503,116,7.769054
-398.631205,105,7.787005
-96.662849,63,7.797975
-247.821509,71,7.810941
-117.445489,75,7.823906
-282.992164,72,7.836893
-266.028778,68,7.848871
-113.046015,111,7.872809
-175.503186,111,7.892751
-121.640496,88,7.906712
-147.572959,94,7.922643
-146.363657,76,7.936636
-152.28775,123,7.957549
-117.433998,139,7.983515
-287.449511,79,7.997473
-68.87945,64,8.008444
-62.160686,94,8.025396
-252.734,98,8.043362
-111.336954,95,8.060308
-294.376419,100,8.078259
-109.967873,140,8.104188
-307.926725,100,8.122109
-166.947479,65,8.13411
-98.73893,59,8.144081
-75.682701,95,8.162033
-152.712518,100,8.178957
-89.277559,59,8.188931
-328.941174,101,8.208569
-213.436659,70,8.219541
-174.955942,117,8.241514
-165.604638,105,8.259434
-103.205981,83,8.274393
-407.218916,85,8.290377
-91.820043,67,8.302346
-78.232868,61,8.312324
-149.989173,115,8.334233
-353.758151,75,8.346201
-93.356767,58,8.356215
-105.456352,83,8.370138
-262.9098,107,8.390084
-288.504064,91,8.406069
-227.004109,122,8.427012
-158.469045,100,8.443972
-100.182016,106,8.461892
-165.022395,72,8.47386
-117.778823,64,8.484862
-274.24073,115,8.504809
-106.419043,141,8.532729
-242.717776,108,8.551678
-200.677153,67,8.563646
-143.843941,85,8.578614
-123.300596,102,8.596533
-217.187154,101,8.612094
-80.371075,69,8.624062
19.056092,107,8.643011
-158.34617,113,8.664918
-128.823475,95,8.6819
-0.86769,72,8.694839
-150.474822,57,8.704813
-351.41382,130,8.729258
-379.544777,92,8.745246
-140.88182,74,8.756212
-256.377301,126,8.780165
-87.841365,83,8.794083
-243.879492,84,8.808147
-89.267049,83,8.82204
-281.770076,82,8.838026
-243.962348,67,8.850961
-240.458202,101,8.868913
-144.9003,100,8.886869
-437.329176,105,8.905841
-110.898936,113,8.927332
-80.07699,59,8.936308
-140.645286,65,8.947278
-274.531453,70,8.97321
-63.71112,59,8.992158
-139.028129,109,9.023076
-157.074964,90,9.04402
-154.121435,83,9.063967
-456.322023,88,9.087903
-401.084037,81,9.10386
-481.583049,93,9.120816
-213.832656,85,9.135774
-113.973671,102,9.158713
-134.967091,61,9.172677
-339.750787,87,9.191625
-86.410868,60,9.201599
-188.098722,104,9.227143
-453.008061,123,9.254072
-133.754155,94,9.274017
-105.564706,132,9.29895
-116.398413,78,9.313418
-132.666899,94,9.329375
-138.033901,75,9.342341
-359.807165,95,9.359295
-62.877366,61,9.370267
-227.888616,65,9.381237
-372.527097,118,9.403178
-403.931399,102,9.420639
-91.141642,71,9.433604
-202.119946,106,9.45355
-401.656811,50,9.616132
-533.694605,69,9.665001
-698.88306,88,9.735826
-599.372217,79,9.794654
-449.829447,77,9.856489
-971.453396,137,9.963203
-1141.100259,155,10.084878
-594.007747,121,10.173641
-1475.615209,227,10.378093
-594.209728,105,10.451897
-840.921271,149,10.573572
-552.620996,106,10.657347
-521.442036,99,10.73115
-659.515072,94,10.798969
-326.693604,84,10.864792
-454.789945,97,10.938595
-1955.619578,235,11.139069
-1081.470038,153,11.261731
-864.646525,153,11.388399
-418.375577,81,11.449246
-785.510801,172,11.588882
-654.368503,93,11.659829
-666.225473,108,11.745774
-611.323663,81,11.812847
-233.699556,150,11.933881
-608.218293,105,12.016842
-654.694459,97,12.093868
-553.25757,225,12.277868
-454.650237,187,12.432857
-298.883805,130,12.540018
-605.077805,94,12.614853
-476.553564,119,12.702904
-724.256745,102,12.785853
-344.073075,282,13.043843
-277.530576,217,13.228919
-270.710155,362,13.570845
-156.389689,1000,14.917867
-127.17193,1000,16.841799
-183.682115,1000,18.084816
-179.931955,1000,19.42891
-128.575761,1000,20.597709
-140.978004,1000,22.697044
-111.079323,1000,24.452864
-83.364288,1000,26.368836
-78.210166,1000,27.946855
-81.463441,1000,30.000866
-121.885604,1000,32.173855
-92.349872,1000,33.858855
-81.387414,1000,35.479992
-166.310743,332,35.79486
-84.84079,1000,37.287877
-62.729966,181,37.435786
-131.083255,1000,39.096003
-128.154083,1000,41.117669
-122.148675,1000,43.351527
-89.037761,1000,45.187118
-116.095668,1000,46.779952
-94.8011,1000,48.325289
-91.77718,1000,49.843892
-211.18639,190,50.010952
-103.651831,1000,51.553892
-235.44172,179,51.706991
-98.106347,1000,53.742174
-168.941208,171,53.886304
-102.025083,1000,56.023159
-146.709454,1000,58.20998
-19.79557,208,58.402818
-116.752877,1000,60.660568
-94.160048,1000,62.266769
-381.458193,169,62.419869
-97.856199,1000,64.920499
-95.655788,1000,66.945319
-109.724836,1000,69.242847
-258.137109,169,69.378989
-109.259209,1000,71.442125
-321.619344,172,71.5693
-68.936267,232,71.781243
-334.029428,294,72.051029
-404.033212,169,72.194165
-109.744323,1000,75.028272
-122.899467,1000,77.035983
-116.900316,1000,79.473636
-127.944593,224,79.673116
-362.402623,174,79.810261
-251.09335,167,79.951886
-202.404375,172,80.085041
-179.733029,186,80.247123
-128.536694,1000,82.161014
-132.699438,1000,83.763807
-333.984481,175,83.918741
-98.171899,1000,86.060835
-129.105144,1000,88.021818
-132.322081,1000,90.451842
-97.987292,1000,91.912819
-59.283388,197,92.092784
-161.531719,1000,94.307253
-33.852654,202,94.481315
-116.41165,1000,96.280852
-277.222278,379,96.676836
-107.723921,1000,98.091945
-238.330779,179,98.245813
-135.850306,1000,100.038871
-93.3521,1000,102.168866
-103.624194,1000,103.809857
3.438806,274,104.048815
-49.882751,195,104.208849
-129.55214,1000,106.386837
-147.446885,1000,108.306796
-113.354169,1000,110.36582
-123.659504,1000,112.259813
-106.161761,1000,114.414857
-212.090059,241,114.63781
-121.29018,1000,116.744965
-119.538462,1000,118.417099
-129.93042,1000,120.084797
-305.201405,267,120.354486
-93.575391,1000,122.091772
-71.875472,1000,123.736765
-114.05628,1000,125.848521
-105.64137,1000,127.273871
-143.760288,1000,128.732848
-95.860727,1000,130.260853
-64.397006,390,130.69294
-121.519647,1000,132.968326
-127.478282,1000,134.986806
-158.753433,1000,136.775947
-90.931239,1000,138.295868
-115.23164,1000,140.250012
-126.061641,1000,141.826837
-82.316412,1000,143.587833
-139.062807,1000,145.531831
-119.803858,1000,147.547647
-80.356322,1000,149.04786
-91.691046,1000,150.598727
-146.26263,1000,152.45483
-119.755031,1000,154.588796
-139.076806,1000,156.280845
-130.208542,1000,158.322851
-108.300484,1000,160.203531
-135.422527,1000,162.073713
-128.906863,1000,164.261746
-144.705977,1000,166.373851
-148.455412,1000,168.87236
-125.535393,1000,171.177863
-94.889716,1000,173.34984
-146.685685,1000,175.095834
-95.937043,1000,176.708797
-136.180949,1000,178.965829
-155.254031,1000,180.393852
-112.560737,1000,182.134804
-136.83066,1000,184.112844
-111.111813,1000,186.060837
-120.013525,1000,188.288839
-86.472397,1000,190.431849
-160.825923,1000,192.563015
-101.873295,1000,194.170852
-100.000642,1000,195.439849
-105.209103,1000,196.679824
-96.024496,1000,198.640722
-148.066728,1000,200.135808
-119.202792,1000,202.069845
-118.983719,1000,203.99885
-126.703974,1000,205.900866
-93.295687,1000,207.841849
-93.503545,1000,209.915823
-144.645742,1000,211.805876
-92.266801,1000,213.687145
-150.114657,1000,215.786091
-142.782876,1000,217.779038
-88.355263,1000,219.770883
-94.62837,1000,221.989692
-117.836051,1000,224.631009
-106.881849,1000,226.827054
-126.453939,1000,228.797828
-105.465396,1000,230.826337
-99.943191,1000,232.464319
-125.563703,1000,234.435806
-119.42905,1000,236.116811
-70.53718,1000,239.042988
-114.848755,1000,241.274789
-122.668967,1000,243.030404
-60.027138,1000,244.650436
-134.361693,1000,246.404823
-85.412567,1000,248.0328
-92.837599,1000,249.73385
-89.767971,1000,251.51883
-79.315625,1000,252.870788
-153.972256,1000,254.955782
-117.72767,1000,256.684869
-131.472444,1000,258.070795
-116.192024,1000,259.885039
-72.10899,1000,261.999851
-144.590544,1000,263.582844
-71.586559,1000,264.988887
-141.03585,1000,266.664773
-58.640568,1000,268.214081
-156.567668,1000,270.075799
-144.189913,1000,271.953038
-97.117975,1000,273.843905
-128.654215,1000,275.925221
-133.867496,1000,277.873016
-129.832098,1000,279.287308
-93.82274,1000,280.521392
-66.457257,1000,282.357685
-76.936797,1000,283.561929
-124.771494,1000,285.660792
-133.613395,1000,287.655819
-106.24405,1000,289.265815
-150.239883,1000,291.231036
-108.109525,1000,293.423849
-141.223299,1000,295.579847
-93.18238,1000,298.366457
-118.809008,1000,299.940854
-151.67943,986,301.682055
-109.243209,1000,303.74886
-115.914247,1000,305.41986
-133.70335,1000,307.897858
-74.649311,1000,310.598821
-116.635571,1000,313.061598
-108.90633,1000,315.019842
123.711067,905,317.177823
-102.659432,1000,319.289826
-91.331734,1000,321.390634
21.65122,1000,323.089838
-74.392147,1000,324.998875
-62.130452,619,325.847847
7.266952,1000,328.052789
-94.394428,1000,329.833819
-85.257065,1000,331.388869
-127.513467,1000,332.807812
-53.899826,1000,334.410288
-67.49691,1000,336.876815
-82.203014,1000,338.837876
-94.673057,1000,340.736686
-140.111309,1000,342.960834
-123.163465,1000,344.562781
-117.711843,1000,345.978261
-146.374389,1000,347.446831
-146.154373,1000,348.817739
-156.580848,1000,350.928323
-86.308608,1000,353.355834
-145.395701,1000,355.006047
-51.855154,1000,356.335757
-75.802755,1000,358.191766
-104.906205,1000,359.783778
-55.897562,1000,361.532011
-89.116415,1000,363.141793
-72.713818,1000,364.652812
-66.010126,1000,366.450821
-93.848254,1000,368.649037
-2.663825,1000,370.768795
-114.841242,1000,373.076801
137.362355,948,375.26584
-44.444754,1000,377.057768
-39.611397,1000,380.405052
18.661294,310,380.824974
-103.04167,1000,382.982871
52.781747,1000,385.1898
-37.097667,1000,387.062788
-48.103786,1000,389.332784
-81.911907,1000,390.991826
-91.388731,1000,392.858327
-74.335872,1000,395.57679
-40.187429,1000,397.262823
-152.811862,991,399.266809
-100.394644,1000,401.403806
-64.433978,1000,404.200838
-77.392179,1000,406.161804
-15.585937,1000,408.48578
-44.163999,1000,410.399799
-97.382012,1000,412.988748
-16.258989,204,413.173947
-52.765105,1000,414.906834
7.800823,1000,416.392799
-89.61746,873,418.287773
-31.279715,1000,420.778312
41.850924,1000,422.948854
-126.198029,1000,424.468823
-236.977198,898,425.549772
35.875113,1000,427.137798
-68.655147,1000,428.927746
-52.471643,663,429.736793
140.753349,967,431.481787
-103.935103,1000,433.369787
34.174757,1000,435.420789
146.729046,868,436.753791
185.290894,775,438.105789
-51.416887,1000,440.029764
-212.064724,913,441.557117
55.638416,1000,443.17791
-102.99599,751,444.310821
-53.66401,1000,446.692997
-53.438598,1000,448.217032
33.893201,1000,450.459823
146.806836,910,452.353434
14.515916,1000,454.162765
160.215415,723,455.211795
47.045714,1000,457.433821
167.621135,903,459.317785
-82.568856,718,460.66679
77.840297,1000,462.250828
-75.884825,1000,464.737787
-35.915473,1000,466.8588
129.591687,961,468.786776
228.359734,585,469.523797
-12.227573,1000,470.95278
-3.789913,1000,472.798024
-55.042589,1000,475.400779
138.999741,573,476.302908
81.88187,1000,478.227782
173.528391,951,479.703811
174.921207,821,481.540796
214.358909,585,482.480694
207.388602,529,483.2127
-204.07355,806,484.388011
-50.55474,1000,486.158253
166.184923,968,488.495798
-28.017942,1000,491.100731
-76.945668,1000,493.3678
-93.444401,526,494.126819
146.790662,909,496.044255
213.381058,617,497.1218
175.382392,865,498.651895
132.459586,999,500.778966
-140.493593,835,501.820048
152.86607,744,502.895013
195.521744,690,504.110718
193.3121,650,505.131779
-37.657805,1000,506.959812
249.076219,522,507.603747
78.060593,992,509.903748
97.230156,827,511.572185
245.532026,438,511.992582
239.540771,511,512.601953
155.844678,830,513.983818
176.461141,849,515.524788
94.515733,889,516.821695
-75.675114,600,517.653869
-44.883919,1000,519.603592
254.169084,607,520.438089
183.533212,829,521.929978
231.122728,732,523.039756
-49.433248,1000,524.565764
219.464224,375,524.996731
219.123637,569,525.568808
144.552011,980,527.563788
111.424023,957,529.061933
142.124107,776,530.351759
142.700172,874,532.101964
202.125095,714,533.251783
-70.149388,1000,534.960885
188.435555,658,536.017985
213.061623,595,536.950713
88.202062,944,539.236722
-141.5674,756,540.484678
-81.641455,1000,542.359199
-137.712836,817,543.903919
-40.204701,1000,545.660108
129.860767,936,547.876793
142.627338,860,549.694609
-68.042123,742,550.983681
235.279278,671,551.844784
-45.868281,1000,553.942716
-95.088426,447,554.635756
-59.949949,500,555.28479
-29.406974,224,555.516952
27.431609,1000,557.481733
107.597167,770,558.924787
184.287118,725,560.009808
-30.261359,1000,562.422764
-38.241321,1000,564.649811
37.978214,978,566.897752
139.940839,706,567.915902
234.834565,535,568.811768
119.483652,674,570.115747
-165.208149,793,571.804717
-91.931764,1000,573.703791
172.340166,757,575.015808
-97.528033,1000,576.412786
251.349289,568,577.24266
-138.842205,687,578.293946
97.056396,964,580.618782
160.226534,739,582.01575
237.706979,366,582.503849
-127.161692,638,583.745891
164.186273,903,585.638745
190.763656,638,586.560779
191.219225,620,587.519744
257.951199,460,588.078857
213.310192,624,589.10179
-135.584069,792,590.467763
-106.333041,1000,592.45982
-57.354523,1000,593.655735
-34.990868,310,593.945715
141.354204,805,595.244712
193.552087,702,596.058878
-40.376577,225,596.266755
176.401025,416,596.719772
-82.26907,1000,598.382157
-71.722204,1000,599.797532
183.385023,745,600.940476
-83.452434,1000,602.332827
-86.487404,1000,603.821649
178.775954,702,604.919678
210.873671,584,605.608271
-21.963086,1000,606.86481
169.83043,930,608.396758
141.109443,890,609.747736
248.041625,301,610.018783
134.153193,848,611.17373
134.850477,788,612.644638
-14.25693,95,612.733604
-41.539273,290,613.057669
-102.204743,564,614.142387
193.471214,442,614.644172
209.549802,579,615.711377
114.241068,849,617.440786
-21.105713,260,617.715427
6.990745,1000,620.156755
-122.25298,741,621.350742
265.295883,648,622.027765
191.300168,680,623.150777
150.650005,799,624.70189
-30.077838,252,624.958833
-56.308018,1000,627.879741
257.108447,527,628.554777
-37.845028,117,628.679806
-52.463871,1000,630.20824
-41.030549,360,630.661751
201.49491,440,631.247797
-8.796803,1000,633.477828
204.363397,646,634.596761
-21.489152,285,634.948932
-31.169758,325,635.307759
-106.880431,1000,636.808288
154.376876,762,638.010756
-67.595951,1000,639.463767
19.12508,1000,641.605724
239.262374,527,642.256746
-40.494902,383,642.698241
198.75832,605,643.596752
-22.458877,211,643.769781
-95.50979,696,645.029756
201.407122,467,645.748728
211.718367,518,646.569782
220.086065,592,647.364795
-43.3993,304,647.728798
104.425918,930,650.086755
-187.299685,276,650.405196
-16.34036,1000,652.640782
-54.146784,1000,654.611803
230.580887,374,655.096927
207.90386,417,655.552814
-8.766146,1000,657.107658
-12.366838,321,657.469797
207.45215,381,657.946763
216.747577,559,658.790126
197.337883,733,660.128819
-47.523546,1000,661.742759
-48.63056,366,662.149113
14.193274,1000,663.813747
-34.082111,1000,665.201746
169.74745,334,665.578307
224.629316,476,666.22474
271.875962,512,666.894782
-39.096388,225,667.120525
227.907663,340,667.544158
-44.96443,435,668.041745
212.387489,819,669.086217
-39.891141,313,669.462302
224.234163,577,670.18299
8.212338,262,670.485772
162.058501,705,671.609824
-31.236527,258,671.888772
159.14649,404,672.344757
248.414772,467,672.893765
273.50288,388,673.413734
220.855589,448,673.995764
32.750147,1000,676.936723
-66.279007,1000,678.343786
-43.713434,289,678.640778
176.236409,695,679.487764
167.03254,332,679.911792
-121.282017,433,680.381745
-33.928146,505,681.095706
-119.668879,691,682.2837
-104.735511,637,683.092784
248.171198,524,683.761775
-58.444745,1000,686.042745
137.316098,863,687.314135
225.205329,616,688.141754
243.98409,314,688.458808
-58.077767,466,689.012739
-15.029099,1000,691.287891
-57.203867,418,691.745709
15.295333,228,691.955734
-90.020416,1000,693.439778
-3.199223,1000,695.20079
-53.314949,1000,696.673826
-107.765543,1000,698.178913
-83.67181,124,698.307733
-30.282283,635,699.020788
-48.610476,1000,700.572857
-87.167736,1000,702.315755
-0.973407,1000,703.825197
-36.45539,231,704.06774
293.051023,380,704.540015
-55.136687,1000,706.1538
189.403571,457,706.875698
-87.189629,1000,709.051958
-52.159055,158,709.24345
266.513687,377,709.677958
182.560759,743,710.945777
-94.745596,1000,712.982791
200.025241,550,713.826794
262.031301,377,714.333722
-59.03483,1000,715.757763
218.798054,471,716.421755
262.523221,448,717.038775
186.262696,389,717.47882
239.621078,431,718.18576
-33.769506,1000,719.755723
-99.837481,127,719.885733
5.931353,258,720.152951
233.252932,407,720.601854
-16.256636,1000,722.026738
208.50284,481,722.719738
-84.599222,1000,724.979745
-104.106411,1000,727.064569
-83.519321,146,727.197698
222.326731,585,727.884761
163.859642,402,728.430754
-90.324872,135,728.558739
-61.287832,1000,731.743716
146.799129,484,732.455757
-65.32555,1000,734.05674
-107.539866,1000,735.992383
148.411227,1000,737.329792
40.346206,1000,738.853232
30.312957,286,739.182632
-71.989128,1000,741.079947
-76.560465,157,741.226736
-67.78138,146,741.383742
-61.973191,1000,744.375698
277.040142,373,744.798583
-80.259488,1000,746.603854
-79.146507,1000,748.531821
-44.769446,1000,750.260715
-8.797142,1000,751.682778
-27.696932,1000,753.331018
-17.144398,1000,755.295774
-96.659401,1000,757.196719
248.164296,471,757.800809
-69.215229,1000,759.671985
2.202371,265,759.98574
-85.517625,1000,761.631907
-43.084833,242,761.898282
-97.005408,1000,763.371714
216.245814,518,764.029748
-24.1717,161,764.157756
-35.834556,1000,765.417749
-87.658004,1000,767.808721
-161.80021,837,768.850743
-16.871314,1000,770.30371
260.107661,421,770.722896
-92.622485,157,770.851734
-104.790793,1000,772.288787
-79.826302,1000,774.340763
-31.744526,1000,776.047792
-98.710672,1000,777.496741
-41.626541,1000,778.931752
-44.626229,1000,780.094718
-53.381636,1000,782.083869
-42.952553,162,782.222733
-69.033941,194,782.4117
175.970095,402,782.906791
-105.988137,1000,784.335742
-48.816784,1000,786.196693
-56.35514,322,786.521817
-89.341018,143,786.643715
147.685319,495,787.405709
-95.98171,134,787.506704
-63.732024,1000,788.783719
-94.846748,1000,790.220802
-106.118109,1000,791.732701
-78.546831,198,791.908738
-18.747478,278,792.175689
-71.197708,1000,793.516703
-68.969781,1000,795.154699
-98.428629,1000,796.965673
-97.723318,1000,798.880749
-24.244814,1000,800.614232
-64.951902,1000,802.706752
-83.985161,166,802.866736
249.57958,578,803.632709
-76.706256,1000,805.132797
149.443862,912,806.618875
-85.862136,131,806.662479
-81.032476,1000,807.500751
-82.124699,160,807.565843
-42.768428,1000,808.576757
-74.631867,1000,809.382774
-75.427378,1000,811.129805
-90.630982,134,811.178744
-77.796192,1000,812.437596
-91.628162,1000,814.197943
-29.682574,1000,815.451797
-52.651074,1000,816.43389
-75.175351,1000,817.633777
-85.385538,188,817.695848
-51.953213,1000,818.515738
-82.574904,1000,819.764818
-73.263577,1000,820.981829
-87.421437,131,821.021779
-40.955157,1000,822.031757
-73.763356,1000,822.892749
-75.085436,1000,823.69377
-100.69819,1000,824.889751
-75.476001,1000,825.44827
230.594468,375,825.613077
-93.416626,1000,826.430895
-84.697132,1000,827.246722
-76.779865,1000,828.587762
117.27669,442,828.925728
-68.252684,1000,829.77811
91.692295,845,830.873852
213.857456,416,831.085886
-90.260827,1000,832.106716
-98.017924,1000,833.017772
-73.573433,1000,833.800992
241.378329,428,834.063745
-83.344481,1000,835.065917
-69.201299,1000,836.31883
-62.105431,156,836.373808
-89.396228,1000,837.677138
-43.686048,1000,838.228269
121.805067,555,838.754771
-97.980701,1000,839.921906
-80.525267,156,839.970874
-88.88007,1000,840.619741
-77.756983,156,840.670292
-45.766665,233,840.761052
-92.511378,1000,841.709864
-49.516909,1000,843.01772
-107.604879,1000,843.740735
-38.631626,1000,845.183727
-66.310724,141,845.228767
-26.11312,1000,845.960649
-38.248438,1000,846.85571
-63.386752,1000,847.91427
-31.810707,1000,848.693738
-71.697048,170,848.748688
-79.95003,1000,849.510141
-108.513114,1000,850.455939
-64.76267,165,850.511771
-164.280002,433,850.814888
-67.06453,142,850.862759
-95.536175,1000,851.640836
-63.70211,1000,852.414759
-55.513397,1000,853.388792
-76.001769,1000,854.539877
-82.105734,1000,855.397806
-65.545717,169,855.455872
173.941004,484,855.848711
130.383138,1000,856.48885
-67.342048,1000,857.620854
183.661472,453,857.852822
-65.700122,1000,858.634798
-115.161084,1000,860.049892
-104.673905,1000,861.127753
156.269417,527,861.561936
-78.903324,1000,862.385782
-96.580121,1000,863.50778
-54.661969,1000,864.248751
-93.586753,160,864.301838
-66.729187,1000,864.900005
-88.858741,1000,866.134904
-94.759529,1000,866.97708
173.201237,488,867.233813
-95.390783,1000,868.487681
-118.806059,1000,869.160305
-71.634736,1000,870.018824
-109.797482,494,870.351823
200.404008,383,870.545743
-77.477409,1000,871.625237
-85.262329,1000,872.366683
-82.754782,1000,873.27772
-105.340741,1000,874.005708
-52.645065,1000,874.67271
-51.983983,1000,875.447215
-38.277057,1000,876.438764
-45.735783,1000,877.460769
-141.833424,410,877.669783
-91.893808,1000,878.482702
-35.717681,1000,879.385685
-65.878913,141,879.434723
-48.022063,1000,880.019685
-71.250113,1000,881.346766
273.326922,423,881.610751
-51.674026,1000,882.591779
-74.128294,1000,883.774157
-103.56596,1000,884.956443
-8.633894,1000,885.699768
-86.231006,134,885.741774
-93.415356,163,885.796751
-86.229924,149,885.847737
100.299552,538,886.270769
-78.894532,1000,887.881835
-89.608008,1000,888.9177
-51.190237,1000,889.757715
60.79802,1000,890.431999
-65.420624,1000,891.487658
170.324744,408,891.741958
-58.212674,139,891.78983
24.272498,1000,892.898774
-53.224887,1000,893.823183
-83.358165,1000,894.392717
-86.21079,126,894.432706
137.897204,507,894.755752
-94.76014,1000,895.399251
-72.852225,147,895.445129
-97.063641,1000,896.313719
-46.536373,1000,897.531061
-76.218532,1000,898.542771
-60.720709,1000,899.516817
-80.370311,1000,900.380761
47.604197,1000,901.58179
-55.888062,265,901.680628
157.120303,449,901.995781
-89.174011,1000,902.535768
161.474301,886,903.249089
-77.651839,1000,904.624755
-107.785612,1000,906.083865
-84.46983,1000,906.701789
-93.398455,131,906.742804
-84.520915,138,906.789767
172.460736,361,906.998838
-74.84415,1000,907.747757
-94.703143,481,908.027856
-71.979019,160,908.079813
-89.770235,1000,909.051228
-109.288222,1000,909.941786
178.214665,754,910.615769
-71.464868,154,910.668753
-95.959587,130,910.709774
-2.839962,1000,911.611777
-91.636819,1000,912.528934
-19.372262,1000,913.242813
-79.813714,1000,914.287945
137.576892,483,914.645793
-72.629361,1000,915.346829
-94.698065,1000,916.091834
-70.609314,1000,916.756734
241.923535,390,916.932919
-65.194745,1000,917.879771
-73.404674,173,917.932781
-72.288817,1000,918.776849
-81.194722,1000,919.872768
267.498677,648,920.212796
141.034987,1000,920.841946
-73.972687,1000,921.620709
-73.881719,1000,922.668618
-41.009032,1000,923.990233
227.242681,662,924.465733
-52.403311,1000,925.500708
-85.621613,144,925.547699
154.189949,1000,926.144986
-91.954389,134,926.190036
-80.933799,1000,927.343151
-58.254716,1000,928.117227
111.189496,1000,929.191715
-62.327814,1000,929.860741
-55.941291,1000,930.718753
-70.748573,181,930.782732
-87.269938,153,930.832698
-71.647918,1000,932.163732
-99.538921,1000,933.562718
-90.093252,131,933.605698
-78.279055,1000,934.528583
-51.848938,1000,935.119398
-54.748744,1000,935.745715
-72.742149,1000,936.877954
-69.227693,1000,937.650611
197.382813,487,937.927748
-70.87739,1000,938.675748
258.220804,358,938.825741
-64.42722,1000,939.696741
-27.524499,1000,940.980771
-67.910359,1000,941.832732
-82.210557,1000,943.016707
-39.129345,1000,943.925729
275.079836,380,944.159776
177.65374,951,945.197771
-55.539532,1000,946.270833
-103.244876,1000,947.049265
-59.13313,292,947.158344
